sample_idx,y_true,E_exact,E_hat_none,E_hat_rem,E_hat_zne,E_hat_zne_rem,yhat_none,yhat_rem,yhat_zne,yhat_zne_rem
0,1,0.8581337166,0.193359375,0.3095272055,0.3034667969,0.489162472,1,1,1,1
1,1,0.3263744942,0.12109375,0.191443267,0.3115234375,0.5012036596,1,1,1,1
2,1,0.8422788545,0.15234375,0.2373380306,0.298828125,0.4708442326,1,1,1,1
3,1,0.8218456551,0.15234375,0.2364741366,0.2429199219,0.3765007648,1,1,1,1
4,1,0.3273221668,0.130859375,0.2020857756,0.244140625,0.3839290001,1,1,1,1
5,-1,-0.4358637778,-0.078125,-0.1321101184,-0.1545410156,-0.2551547109,-1,-1,-1,-1
6,-1,-0.4892050003,-0.1015625,-0.1671813217,-0.2199707031,-0.3552734247,-1,-1,-1,-1
7,1,0.8386433297,0.17578125,0.2766330498,0.3581542969,0.5688728478,1,1,1,1
8,1,0.8238580135,0.12890625,0.2002174026,0.16015625,0.2488417732,1,1,1,1
9,1,0.5936537801,0.09765625,0.1483823724,0.1896972656,0.2934254986,1,1,1,1
10,-1,-0.885444494,-0.19140625,-0.3104568612,-0.3969726562,-0.6377503737,-1,-1,-1,-1
11,-1,-0.5475090816,-0.099609375,-0.1712082358,-0.2043457031,-0.3450257325,-1,-1,-1,-1
12,-1,-0.9600840863,-0.15234375,-0.2446606941,-0.2780761719,-0.4451933555,-1,-1,-1,-1
13,-1,-0.6597802886,-0.142578125,-0.2341234636,-0.1704101562,-0.2794703025,-1,-1,-1,-1
14,-1,-0.7566711637,-0.083984375,-0.1418509284,-0.1613769531,-0.2653020848,-1,-1,-1,-1
15,1,0.6307220334,0.109375,0.171972897,0.162109375,0.2576297589,1,1,1,1
16,-1,0.07147357419,0.05859375,0.09364972068,0.003662109375,0.007142920952,1,1,1,1
17,-1,-0.8031337582,-0.203125,-0.3285455725,-0.3962402344,-0.6339413131,-1,-1,-1,-1
18,1,0.5755441097,0.123046875,0.1880211379,0.2529296875,0.3956693091,1,1,1,1
19,-1,-0.4501454072,-0.125,-0.2052613199,-0.2744140625,-0.4425420301,-1,-1,-1,-1
