model,n_qubits,depth_layers,noise_level,method,n_seeds,accuracy_mean,accuracy_std,accuracy_median,accuracy_ci95_low,accuracy_ci95_high,precision_mean,precision_std,precision_median,precision_ci95_low,precision_ci95_high,recall_mean,recall_std,recall_median,recall_ci95_low,recall_ci95_high,f1_mean,f1_std,f1_median,f1_ci95_low,f1_ci95_high,mean_abs_E_error_mean,mean_abs_E_error_std,mean_abs_E_error_median,mean_abs_E_error_ci95_low,mean_abs_E_error_ci95_high,margin_retention_mean,margin_retention_std,margin_retention_median,margin_retention_ci95_low,margin_retention_ci95_high,mean_hellinger_mean,mean_hellinger_std,mean_hellinger_median,mean_hellinger_ci95_low,mean_hellinger_ci95_high,agreement_with_exact_mean,agreement_with_exact_std,agreement_with_exact_median,agreement_with_exact_ci95_low,agreement_with_exact_ci95_high,n_train,n_test,n_params
logreg,2,,,,5,0.92,0.04472135955,0.95,0.8644710979,0.9755289021,0.9436363636,0.05158640348,0.9090909091,0.8795833836,1.007689344,0.9,0.1224744871,0.9,0.7479278386,1.052072161,0.9151319475,0.05575429881,0.9473684211,0.845903842,0.9843600531,,,,,,,,,,,,,,,,,,,,,80,20,
logreg,4,,,,5,0.93,0.05700877125,0.95,0.8592142612,1.000785739,0.9254545455,0.07670917494,0.9090909091,0.8302075246,1.020701566,0.94,0.05477225575,0.9,0.8719912619,1.008008738,0.9313784461,0.05454638344,0.9473684211,0.8636501656,0.9991067267,,,,,,,,,,,,,,,,,,,,,80,20,
svm,2,,,,5,0.92,0.02738612788,0.9,0.885995631,0.954004369,0.9236363636,0.0429298871,0.9090909091,0.8703318684,0.9769408589,0.92,0.08366600265,0.9,0.8161149366,1.023885063,0.9187301587,0.03105193596,0.9,0.8801740878,0.9572862297,,,,,,,,,,,,,,,,,,,,,80,20,
svm,4,,,,5,0.91,0.04183300133,0.9,0.8580574683,0.9619425317,0.9072727273,0.06441087121,0.9090909091,0.8272960674,0.9872493872,0.92,0.08366600265,0.9,0.8161149366,1.023885063,0.9101587302,0.04162847836,0.9,0.8584701473,0.961847313,,,,,,,,,,,,,,,,,,,,,80,20,
vqc,2,2,exact,none,5,0.9,0.05,0.9,0.8379168001,0.9620831999,0.9436363636,0.05158640348,0.9090909091,0.8795833836,1.007689344,0.86,0.1516575089,0.9,0.6716923312,1.048307669,0.8903641457,0.06465056385,0.9,0.8100898681,0.9706384233,0,0,0,0,0,1,0,1,1,1,1,0,1,1,1,1,0,1,1,1,80,20,8
vqc,2,2,high,none,5,0.84,0.04183300133,0.85,0.7880574683,0.8919425317,0.8688461538,0.09065426227,0.875,0.7562840201,0.9814082876,0.82,0.1303840481,0.8,0.6581068215,0.9818931785,0.8341744814,0.05011812037,0.8235294118,0.7719446157,0.8964043471,0.1714820427,0.0182265504,0.1659381112,0.1488507913,0.1941132942,0.5828064908,0.01202048992,0.5820297062,0.5678810813,0.5977319004,0.9622562615,0.01914249408,0.9694394793,0.9384877157,0.9860248072,0.94,0.06519202405,0.95,0.8590534108,1.020946589,80,20,8
vqc,2,2,high,rem,5,0.85,0.03535533906,0.85,0.8061005483,0.8938994517,0.8724825175,0.08751249536,0.875,0.7638214026,0.9811436324,0.84,0.1341640786,0.9,0.6734132937,1.006586706,0.8456030528,0.04678112289,0.8571428571,0.7875166167,0.9036894889,0.1035044525,0.01509190599,0.1036003993,0.08476537612,0.1222435288,0.7525575796,0.01554363791,0.7454776989,0.733257604,0.7718575552,0.9789272044,0.01248185294,0.9844568184,0.963428937,0.9944254719,0.95,0.05,0.95,0.8879168001,1.0120832,80,20,8
vqc,2,2,high,zne,5,0.87,0.04472135955,0.9,0.8144710979,0.9255289021,0.8853030303,0.07190906537,0.875,0.7960161327,0.9745899279,0.86,0.1140175425,0.9,0.7184285223,1.001571478,0.8665800866,0.05337755767,0.8888888889,0.8003030949,0.9328570782,0.1047628139,0.01831602452,0.1063397227,0.0820204657,0.1275051622,0.7656000217,0.02657404716,0.7607417298,0.7326039841,0.7985960594,,,,,,0.93,0.05700877125,0.95,0.8592142612,1.000785739,80,20,8
vqc,2,2,high,zne_rem,5,0.86,0.05477225575,0.9,0.7919912619,0.9280087381,0.8716666667,0.09159087776,0.875,0.7579415712,0.9853917621,0.86,0.1140175425,0.9,0.7184285223,1.001571478,0.8587878788,0.05776329549,0.8888888889,0.7870652744,0.9305104832,0.06466415419,0.01322393105,0.0628783341,0.04824447509,0.0810838333,0.9868680431,0.03741677047,0.9802219916,0.9404089863,1.0333271,,,,,,0.92,0.06708203932,0.95,0.8367066468,1.003293353,80,20,8
vqc,2,2,ideal,none,5,0.89,0.04183300133,0.9,0.8380574683,0.9419425317,0.9284848485,0.07153697665,0.9090909091,0.83965996,1.017309737,0.86,0.1516575089,0.9,0.6716923312,1.048307669,0.881706137,0.056675796,0.9,0.8113338416,0.9520784325,0.01954529327,0.003424439979,0.01940111157,0.01529328944,0.02379729711,1.001916738,0.01051698578,1.001234238,0.9888581754,1.014975301,0.9992827976,0.0001049214126,0.9993120622,0.9991525204,0.9994130747,0.99,0.02236067977,1,0.9622355489,1.017764451,80,20,8
vqc,2,2,ideal,rem,5,0.89,0.04183300133,0.9,0.8380574683,0.9419425317,0.9284848485,0.07153697665,0.9090909091,0.83965996,1.017309737,0.86,0.1516575089,0.9,0.6716923312,1.048307669,0.881706137,0.056675796,0.9,0.8113338416,0.9520784325,0.01954529327,0.003424439979,0.01940111157,0.01529328944,0.02379729711,1.001916738,0.01051698578,1.001234238,0.9888581754,1.014975301,0.9992827976,0.0001049214126,0.9993120622,0.9991525204,0.9994130747,0.99,0.02236067977,1,0.9622355489,1.017764451,80,20,8
vqc,2,2,ideal,zne,5,0.9,0.05,0.9,0.8379168001,0.9620831999,0.9436363636,0.05158640348,0.9090909091,0.8795833836,1.007689344,0.86,0.1516575089,0.9,0.6716923312,1.048307669,0.8903641457,0.06465056385,0.9,0.8100898681,0.9706384233,0.04546521563,0.01133330378,0.04496297691,0.03139306035,0.05953737092,1.005243606,0.02474001857,1.004410312,0.9745248151,1.035962396,,,,,,0.98,0.04472135955,1,0.9244710979,1.035528902,80,20,8
vqc,2,2,ideal,zne_rem,5,0.9,0.05,0.9,0.8379168001,0.9620831999,0.9436363636,0.05158640348,0.9090909091,0.8795833836,1.007689344,0.86,0.1516575089,0.9,0.6716923312,1.048307669,0.8903641457,0.06465056385,0.9,0.8100898681,0.9706384233,0.04546521563,0.01133330378,0.04496297691,0.03139306035,0.05953737092,1.005243606,0.02474001857,1.004410312,0.9745248151,1.035962396,,,,,,0.98,0.04472135955,1,0.9244710979,1.035528902,80,20,8
vqc,2,2,low,none,5,0.89,0.05477225575,0.85,0.8219912619,0.9580087381,0.9414141414,0.0541135161,0.9090909091,0.8742233367,1.008604946,0.84,0.1516575089,0.8,0.6516923312,1.028307669,0.8787851983,0.06761007981,0.8421052632,0.7948361963,0.9627342003,0.0269454354,0.006432737672,0.02633295005,0.01895813662,0.03493273418,0.9543013896,0.0234528311,0.9553461496,0.9251808536,0.9834219257,0.9982151734,0.0008673043289,0.9986335759,0.9971382728,0.999292074,0.99,0.02236067977,1,0.9622355489,1.017764451,80,20,8
vqc,2,2,low,rem,5,0.89,0.05477225575,0.85,0.8219912619,0.9580087381,0.9414141414,0.0541135161,0.9090909091,0.8742233367,1.008604946,0.84,0.1516575089,0.8,0.6516923312,1.028307669,0.8787851983,0.06761007981,0.8421052632,0.7948361963,0.9627342003,0.02031940887,0.00248092126,0.02100536203,0.01723893826,0.02339987949,0.9991839151,0.02626469959,1.00300717,0.9665719832,1.031795847,0.9989989298,0.0002837481298,0.9991131742,0.9986466099,0.9993512496,0.99,0.02236067977,1,0.9622355489,1.017764451,80,20,8
vqc,2,2,low,zne,5,0.86,0.04183300133,0.85,0.8080574683,0.9119425317,0.8861111111,0.06832429933,0.875,0.8012752884,0.9709469338,0.84,0.1516575089,0.8,0.6516923312,1.028307669,0.8523188542,0.05686750817,0.8421052632,0.7817085166,0.9229291918,0.05054231763,0.007157156116,0.05467033157,0.04165553455,0.05942910071,0.9778081379,0.04712577729,0.9940225667,0.9192937568,1.036322519,,,,,,0.94,0.05477225575,0.95,0.8719912619,1.008008738,80,20,8
vqc,2,2,low,zne_rem,5,0.86,0.04183300133,0.85,0.8080574683,0.9119425317,0.8861111111,0.06832429933,0.875,0.8012752884,0.9709469338,0.84,0.1516575089,0.8,0.6516923312,1.028307669,0.8523188542,0.05686750817,0.8421052632,0.7817085166,0.9229291918,0.05370379735,0.006535901179,0.05218404003,0.04558840416,0.06181919054,1.023750727,0.05124316661,1.043657027,0.960123932,1.087377522,,,,,,0.94,0.05477225575,0.95,0.8719912619,1.008008738,80,20,8
vqc,2,2,moderate,none,5,0.87,0.02738612788,0.85,0.835995631,0.904004369,0.9244444444,0.07345108392,0.9,0.8332428779,1.015646011,0.82,0.1303840481,0.8,0.6581068215,0.9818931785,0.8596509992,0.04180232518,0.8421052632,0.807746557,0.9115554414,0.09264624844,0.01269811576,0.09489593947,0.07687945526,0.1084130416,0.7837620395,0.01360942386,0.7758880336,0.7668637079,0.8006603711,0.9878916418,0.006213870024,0.9915170182,0.9801761031,0.9956071805,0.97,0.02738612788,0.95,0.935995631,1.004004369,80,20,8
vqc,2,2,moderate,rem,5,0.88,0.04472135955,0.85,0.8244710979,0.9355289021,0.9262626263,0.07280439234,0.9090909091,0.8358640334,1.016661219,0.84,0.1516575089,0.8,0.6516923312,1.028307669,0.8701271897,0.05790463514,0.8421052632,0.7982290889,0.9420252904,0.04918587014,0.01043338119,0.04990002313,0.03623111634,0.06214062395,0.895612958,0.0168770091,0.8966198912,0.8746573834,0.9165685326,0.9950167301,0.003151945965,0.9964475855,0.9911030723,0.9989303879,0.98,0.02738612788,1,0.945995631,1.014004369,80,20,8
vqc,2,2,moderate,zne,5,0.87,0.02738612788,0.85,0.835995631,0.904004369,0.8782905983,0.08560374166,0.8888888889,0.7719995141,0.9845816824,0.88,0.1303840481,0.9,0.7181068215,1.041893178,0.8688581603,0.03660396539,0.8695652174,0.8234083343,0.9143079863,0.07483168715,0.01145764755,0.07261870847,0.06060513868,0.08905823562,0.8599607026,0.0165587406,0.8684802842,0.8394003105,0.8805210946,,,,,,0.95,0.05,0.95,0.8879168001,1.0120832,80,20,8
vqc,2,2,moderate,zne_rem,5,0.87,0.02738612788,0.85,0.835995631,0.904004369,0.8782905983,0.08560374166,0.8888888889,0.7719995141,0.9845816824,0.88,0.1303840481,0.9,0.7181068215,1.041893178,0.8688581603,0.03660396539,0.8695652174,0.8234083343,0.9143079863,0.06306020934,0.006275730999,0.06082187085,0.05526786009,0.07085255858,0.9827380263,0.0235380601,0.9916275527,0.9535116645,1.011964388,,,,,,0.95,0.05,0.95,0.8879168001,1.0120832,80,20,8
vqc,2,4,exact,none,5,0.92,0.02738612788,0.9,0.885995631,0.954004369,0.9236363636,0.0429298871,0.9090909091,0.8703318684,0.9769408589,0.92,0.08366600265,0.9,0.8161149366,1.023885063,0.9187301587,0.03105193596,0.9,0.8801740878,0.9572862297,0,0,0,0,0,1,0,1,1,1,1,0,1,1,1,1,0,1,1,1,80,20,16
vqc,2,4,high,none,5,0.89,0.02236067977,0.9,0.8622355489,0.9177644511,0.8903030303,0.07188272257,0.9,0.8010488416,0.979557219,0.9,0.07071067812,0.9,0.8122010967,0.9877989033,0.891024531,0.02024870921,0.9,0.8658824378,0.9161666243,0.2442590512,0.03115695962,0.2407614263,0.2055725761,0.2829455262,0.4571659168,0.01653488726,0.4527402857,0.4366351425,0.477696691,0.9432157333,0.01794886537,0.9426079375,0.9209292734,0.9655021933,0.97,0.04472135955,1,0.9144710979,1.025528902,80,20,16
vqc,2,4,high,rem,5,0.88,0.04472135955,0.9,0.8244710979,0.9355289021,0.8766666667,0.09249624617,0.9,0.7618174078,0.9915159255,0.9,0.07071067812,0.9,0.8122010967,0.9877989033,0.8832323232,0.03706258683,0.9,0.8372130435,0.929251603,0.1922912291,0.02593916783,0.19195964,0.1600834983,0.22449896,0.579214925,0.02152833951,0.5784063435,0.5524839609,0.6059458891,0.9573751842,0.01598845125,0.9600531499,0.9375228999,0.9772274685,0.96,0.06519202405,1,0.8790534108,1.040946589,80,20,16
vqc,2,4,high,zne,5,0.88,0.02738612788,0.9,0.845995631,0.914004369,0.8880808081,0.07167946085,0.8888888889,0.7990790021,0.977082614,0.88,0.08366600265,0.9,0.7761149366,0.9838850634,0.8794455837,0.02864531598,0.8888888889,0.8438777261,0.9150134412,0.1503097616,0.03251197918,0.1542609071,0.1099408075,0.1906787156,0.6965834318,0.04245552517,0.7016707814,0.6438679347,0.7492989289,,,,,,0.96,0.04183300133,0.95,0.9080574683,1.011942532,80,20,16
vqc,2,4,high,zne_rem,5,0.88,0.02738612788,0.9,0.845995631,0.914004369,0.8880808081,0.07167946085,0.8888888889,0.7990790021,0.977082614,0.88,0.08366600265,0.9,0.7761149366,0.9838850634,0.8794455837,0.02864531598,0.8888888889,0.8438777261,0.9150134412,0.09241638241,0.02039043797,0.09304781087,0.06709830967,0.1177344552,0.8818283842,0.05473176939,0.8958694963,0.8138699166,0.9497868519,,,,,,0.96,0.04183300133,0.95,0.9080574683,1.011942532,80,20,16
vqc,2,4,ideal,none,5,0.93,0.02738612788,0.95,0.895995631,0.964004369,0.9436363636,0.05158640348,0.9090909091,0.8795833836,1.007689344,0.92,0.08366600265,0.9,0.8161149366,1.023885063,0.928203843,0.03113466182,0.9473684211,0.8895450543,0.9668626316,0.01708749554,0.003154525371,0.01603720166,0.01317063496,0.02100435613,0.9974167958,0.007670732009,0.9954368421,0.9878923241,1.006941268,0.9993430077,9.272364048e-05,0.9993428705,0.9992278761,0.9994581393,0.99,0.02236067977,1,0.9622355489,1.017764451,80,20,16
vqc,2,4,ideal,rem,5,0.93,0.02738612788,0.95,0.895995631,0.964004369,0.9436363636,0.05158640348,0.9090909091,0.8795833836,1.007689344,0.92,0.08366600265,0.9,0.8161149366,1.023885063,0.928203843,0.03113466182,0.9473684211,0.8895450543,0.9668626316,0.01708749554,0.003154525371,0.01603720166,0.01317063496,0.02100435613,0.9974167958,0.007670732009,0.9954368421,0.9878923241,1.006941268,0.9993430077,9.272364048e-05,0.9993428705,0.9992278761,0.9994581393,0.99,0.02236067977,1,0.9622355489,1.017764451,80,20,16
vqc,2,4,ideal,zne,5,0.92,0.04472135955,0.95,0.8644710979,0.9755289021,0.9436363636,0.05158640348,0.9090909091,0.8795833836,1.007689344,0.9,0.1224744871,0.9,0.7479278386,1.052072161,0.9151319475,0.05575429881,0.9473684211,0.845903842,0.9843600531,0.03986613018,0.005857219286,0.03788774616,0.03259343186,0.0471388285,0.9987935817,0.02869026454,0.9985146479,0.9631699131,1.03441725,,,,,,0.98,0.02738612788,1,0.945995631,1.014004369,80,20,16
vqc,2,4,ideal,zne_rem,5,0.92,0.04472135955,0.95,0.8644710979,0.9755289021,0.9436363636,0.05158640348,0.9090909091,0.8795833836,1.007689344,0.9,0.1224744871,0.9,0.7479278386,1.052072161,0.9151319475,0.05575429881,0.9473684211,0.845903842,0.9843600531,0.03986613018,0.005857219286,0.03788774616,0.03259343186,0.0471388285,0.9987935817,0.02869026454,0.9985146479,0.9631699131,1.03441725,,,,,,0.98,0.02738612788,1,0.945995631,1.014004369,80,20,16
vqc,2,4,low,none,5,0.92,0.02738612788,0.9,0.885995631,0.954004369,0.9236363636,0.0429298871,0.9090909091,0.8703318684,0.9769408589,0.92,0.08366600265,0.9,0.8161149366,1.023885063,0.9187301587,0.03105193596,0.9,0.8801740878,0.9572862297,0.04267859772,0.007540337307,0.04254589828,0.03331603235,0.05204116308,0.9152028501,0.01650332749,0.9120515479,0.8947112625,0.9356944377,0.9973824137,0.000925831967,0.9971483664,0.9962328415,0.998531986,1,0,1,1,1,80,20,16
vqc,2,4,low,rem,5,0.92,0.02738612788,0.9,0.885995631,0.954004369,0.9236363636,0.0429298871,0.9090909091,0.8703318684,0.9769408589,0.92,0.08366600265,0.9,0.8161149366,1.023885063,0.9187301587,0.03105193596,0.9,0.8801740878,0.9572862297,0.02928915854,0.007442020616,0.02920382535,0.02004866947,0.03852964762,0.9507729052,0.01969823029,0.9509468741,0.9263143218,0.9752314886,0.9983979127,0.0004938080787,0.9984513129,0.997784769,0.9990110565,1,0,1,1,1,80,20,16
vqc,2,4,low,zne,5,0.89,0.04183300133,0.9,0.8380574683,0.9419425317,0.8734421134,0.05869430647,0.9,0.8005635062,0.9463207207,0.92,0.08366600265,0.9,0.8161149366,1.023885063,0.8928102866,0.0411198882,0.9,0.8417532018,0.9438673714,0.05910025845,0.00448443907,0.06025536303,0.0535320919,0.06466842499,0.9296406626,0.04246634574,0.9121328134,0.8769117299,0.9823695952,,,,,,0.97,0.04472135955,1,0.9144710979,1.025528902,80,20,16
vqc,2,4,low,zne_rem,5,0.89,0.04183300133,0.9,0.8380574683,0.9419425317,0.8734421134,0.05869430647,0.9,0.8005635062,0.9463207207,0.92,0.08366600265,0.9,0.8161149366,1.023885063,0.8928102866,0.0411198882,0.9,0.8417532018,0.9438673714,0.0535497993,0.003275985089,0.05325487181,0.04948212656,0.05761747205,0.9657925556,0.04564696527,0.9438690853,0.9091143622,1.022470749,,,,,,0.97,0.04472135955,1,0.9144710979,1.025528902,80,20,16
vqc,2,4,moderate,none,5,0.92,0.02738612788,0.9,0.885995631,0.954004369,0.9236363636,0.0429298871,0.9090909091,0.8703318684,0.9769408589,0.92,0.08366600265,0.9,0.8161149366,1.023885063,0.9187301587,0.03105193596,0.9,0.8801740878,0.9572862297,0.1264533607,0.01131193835,0.1255146521,0.1124077341,0.1404989873,0.7252420784,0.02017829416,0.7315469266,0.700187417,0.7502967398,0.981355113,0.006688269098,0.9811129971,0.97305053,0.9896596959,1,0,1,1,1,80,20,16
vqc,2,4,moderate,rem,5,0.92,0.02738612788,0.9,0.885995631,0.954004369,0.9236363636,0.0429298871,0.9090909091,0.8703318684,0.9769408589,0.92,0.08366600265,0.9,0.8161149366,1.023885063,0.9187301587,0.03105193596,0.9,0.8801740878,0.9572862297,0.08533656945,0.007874027674,0.0846551118,0.07555967277,0.09511346614,0.8236133825,0.02421365746,0.8283101958,0.7935481557,0.8536786092,0.9890575702,0.004512569176,0.9897032327,0.9834544755,0.9946606649,1,0,1,1,1,80,20,16
vqc,2,4,moderate,zne,5,0.91,0.05477225575,0.95,0.8419912619,0.9780087381,0.9050505051,0.06491421823,0.9090909091,0.8244488573,0.9856521528,0.92,0.08366600265,0.9,0.8161149366,1.023885063,0.9102756892,0.05565941512,0.9473684211,0.8411653973,0.9793859812,0.08890205382,0.01478196713,0.08674821652,0.07054781742,0.1072562902,0.8567798151,0.0413362116,0.8756841568,0.8054541294,0.9081055009,,,,,,0.97,0.02738612788,0.95,0.935995631,1.004004369,80,20,16
vqc,2,4,moderate,zne_rem,5,0.91,0.05477225575,0.95,0.8419912619,0.9780087381,0.9050505051,0.06491421823,0.9090909091,0.8244488573,0.9856521528,0.92,0.08366600265,0.9,0.8161149366,1.023885063,0.9102756892,0.05565941512,0.9473684211,0.8411653973,0.9793859812,0.06761471307,0.01645315749,0.06372064094,0.04718541976,0.08804400638,0.9726503362,0.05019498936,0.9916233465,0.910325025,1.034975647,,,,,,0.97,0.02738612788,0.95,0.935995631,1.004004369,80,20,16
vqc,4,2,exact,none,5,0.94,0.04183300133,0.95,0.8880574683,0.9919425317,0.9236363636,0.0429298871,0.9090909091,0.8703318684,0.9769408589,0.96,0.05477225575,1,0.8919912619,1.028008738,0.940952381,0.04213680344,0.9523809524,0.8886326291,0.9932721328,0,0,0,0,0,1,0,1,1,1,1,0,1,1,1,1,0,1,1,1,80,20,16
vqc,4,2,high,none,5,0.93,0.04472135955,0.9,0.8744710979,0.9855289021,0.9218181818,0.04388188504,0.9,0.867331625,0.9763047386,0.94,0.05477225575,0.9,0.8719912619,1.008008738,0.9304761905,0.04499937012,0.9,0.8746020927,0.9863502883,0.3186478484,0.02459579052,0.3128192151,0.2881081408,0.349187556,0.3583000765,0.01338944565,0.3554087381,0.3416748839,0.3749252691,0.8502748657,0.04964453359,0.8552615854,0.7886330356,0.9119166957,0.99,0.02236067977,1,0.9622355489,1.017764451,80,20,16
vqc,4,2,high,rem,5,0.93,0.04472135955,0.9,0.8744710979,0.9855289021,0.9218181818,0.04388188504,0.9,0.867331625,0.9763047386,0.94,0.05477225575,0.9,0.8719912619,1.008008738,0.9304761905,0.04499937012,0.9,0.8746020927,0.9863502883,0.2137094905,0.01904624479,0.2199990466,0.1900604541,0.237358527,0.5703567766,0.03377125294,0.5763112473,0.5284242276,0.6122893255,0.9014578446,0.03464256485,0.900026545,0.8584434191,0.9444722702,0.99,0.02236067977,1,0.9622355489,1.017764451,80,20,16
vqc,4,2,high,zne,5,0.92,0.02738612788,0.9,0.885995631,0.954004369,0.9218181818,0.04388188504,0.9,0.867331625,0.9763047386,0.92,0.04472135955,0.9,0.8644710979,0.9755289021,0.9199498747,0.02737491548,0.9,0.8859594277,0.9539403217,0.2311556947,0.02048246949,0.2306961203,0.2057233497,0.2565880396,0.5383354755,0.02721393149,0.5257795059,0.5045449165,0.5721260345,,,,,,0.98,0.02738612788,1,0.945995631,1.014004369,80,20,16
vqc,4,2,high,zne_rem,5,0.92,0.02738612788,0.9,0.885995631,0.954004369,0.9236363636,0.0429298871,0.9090909091,0.8703318684,0.9769408589,0.92,0.08366600265,0.9,0.8161149366,1.023885063,0.9187301587,0.03105193596,0.9,0.8801740878,0.9572862297,0.1000750935,0.02304037356,0.1093479629,0.07146669115,0.1286834959,0.8558726471,0.06574961286,0.8587872676,0.77423372,0.9375115743,,,,,,0.96,0.04183300133,0.95,0.9080574683,1.011942532,80,20,16
vqc,4,2,ideal,none,5,0.93,0.05700877125,0.95,0.8592142612,1.000785739,0.9072727273,0.06441087121,0.9090909091,0.8272960674,0.9872493872,0.96,0.05477225575,1,0.8919912619,1.028008738,0.9323809524,0.05495824019,0.9523809524,0.8641412841,1.000620621,0.02280657945,0.001828059088,0.0231954325,0.02053674429,0.02507641461,1.000404413,0.004486172096,0.9988034552,0.994834095,1.005974732,0.9958113463,0.0004007971153,0.9956436467,0.9953136909,0.9963090016,0.99,0.02236067977,1,0.9622355489,1.017764451,80,20,16
vqc,4,2,ideal,rem,5,0.93,0.05700877125,0.95,0.8592142612,1.000785739,0.9072727273,0.06441087121,0.9090909091,0.8272960674,0.9872493872,0.96,0.05477225575,1,0.8919912619,1.028008738,0.9323809524,0.05495824019,0.9523809524,0.8641412841,1.000620621,0.02280657945,0.001828059088,0.0231954325,0.02053674429,0.02507641461,1.000404413,0.004486172096,0.9988034552,0.994834095,1.005974732,0.9958113463,0.0004007971153,0.9956436467,0.9953136909,0.9963090016,0.99,0.02236067977,1,0.9622355489,1.017764451,80,20,16
vqc,4,2,ideal,zne,5,0.93,0.05700877125,0.95,0.8592142612,1.000785739,0.9072727273,0.06441087121,0.9090909091,0.8272960674,0.9872493872,0.96,0.05477225575,1,0.8919912619,1.028008738,0.9323809524,0.05495824019,0.9523809524,0.8641412841,1.000620621,0.04810953291,0.006161263703,0.04735702596,0.04045931359,0.05575975224,0.9966357226,0.02215251213,0.997218538,0.9691297459,1.024141699,,,,,,0.99,0.02236067977,1,0.9622355489,1.017764451,80,20,16
vqc,4,2,ideal,zne_rem,5,0.93,0.05700877125,0.95,0.8592142612,1.000785739,0.9072727273,0.06441087121,0.9090909091,0.8272960674,0.9872493872,0.96,0.05477225575,1,0.8919912619,1.028008738,0.9323809524,0.05495824019,0.9523809524,0.8641412841,1.000620621,0.04810953291,0.006161263703,0.04735702596,0.04045931359,0.05575975224,0.9966357226,0.02215251213,0.997218538,0.9691297459,1.024141699,,,,,,0.99,0.02236067977,1,0.9622355489,1.017764451,80,20,16
vqc,4,2,low,none,5,0.94,0.04183300133,0.95,0.8880574683,0.9919425317,0.9103030303,0.05932742102,0.9090909091,0.8366383075,0.9839677531,0.98,0.04472135955,1,0.9244710979,1.035528902,0.9427705628,0.04007358162,0.9523809524,0.8930126392,0.9925284864,0.05451763219,0.007566067707,0.05139446797,0.04512311831,0.06391214607,0.8930436773,0.01603704994,0.8966127748,0.8731310498,0.9129563049,0.9886069345,0.003865710022,0.9899779056,0.9838070216,0.9934068475,0.98,0.04472135955,1,0.9244710979,1.035528902,80,20,16
vqc,4,2,low,rem,5,0.93,0.05700877125,0.95,0.8592142612,1.000785739,0.9072727273,0.06441087121,0.9090909091,0.8272960674,0.9872493872,0.96,0.05477225575,1,0.8919912619,1.028008738,0.9323809524,0.05495824019,0.9523809524,0.8641412841,1.000620621,0.02696549475,0.004031027929,0.02599732934,0.0219603125,0.03197067701,0.9747137325,0.02214724462,0.9841008346,0.9472142962,1.002213169,0.9931408475,0.001577557045,0.9933241445,0.9911820517,0.9950996433,0.99,0.02236067977,1,0.9622355489,1.017764451,80,20,16
vqc,4,2,low,zne,5,0.94,0.04183300133,0.95,0.8880574683,0.9919425317,0.9103030303,0.05932742102,0.9090909091,0.8366383075,0.9839677531,0.98,0.04472135955,1,0.9244710979,1.035528902,0.9427705628,0.04007358162,0.9523809524,0.8930126392,0.9925284864,0.05671460412,0.005430497445,0.05920046788,0.04997175095,0.06345745729,0.9326272357,0.02134725999,0.9380398605,0.9061211116,0.9591333599,,,,,,0.98,0.04472135955,1,0.9244710979,1.035528902,80,20,16
vqc,4,2,low,zne_rem,5,0.94,0.04183300133,0.95,0.8880574683,0.9919425317,0.9103030303,0.05932742102,0.9090909091,0.8366383075,0.9839677531,0.98,0.04472135955,1,0.9244710979,1.035528902,0.9427705628,0.04007358162,0.9523809524,0.8930126392,0.9925284864,0.05386955677,0.003020964365,0.05412955046,0.05011853407,0.05762057946,1.017841984,0.02830041415,1.031637232,0.9827023789,1.05298159,,,,,,0.98,0.04472135955,1,0.9244710979,1.035528902,80,20,16
vqc,4,2,moderate,none,5,0.94,0.04183300133,0.95,0.8880574683,0.9919425317,0.9236363636,0.0429298871,0.9090909091,0.8703318684,0.9769408589,0.96,0.05477225575,1,0.8919912619,1.028008738,0.940952381,0.04213680344,0.9523809524,0.8886326291,0.9932721328,0.1818509734,0.01137653375,0.1809832776,0.167725141,0.1959768058,0.6339582593,0.01208735161,0.6387245008,0.6189498299,0.6489666886,0.9412570583,0.02077141898,0.9452304881,0.9154659352,0.9670481815,1,0,1,1,1,80,20,16
vqc,4,2,moderate,rem,5,0.94,0.04183300133,0.95,0.8880574683,0.9919425317,0.9236363636,0.0429298871,0.9090909091,0.8703318684,0.9769408589,0.96,0.05477225575,1,0.8919912619,1.028008738,0.940952381,0.04213680344,0.9523809524,0.8886326291,0.9932721328,0.08409333639,0.01139561911,0.0899762852,0.06994380641,0.09824286638,0.8332713871,0.02405913501,0.8372748711,0.8033980253,0.8631447488,0.9705652106,0.01029322874,0.9712144176,0.957784479,0.9833459421,1,0,1,1,1,80,20,16
vqc,4,2,moderate,zne,5,0.93,0.02738612788,0.95,0.895995631,0.964004369,0.9236363636,0.0429298871,0.9090909091,0.8703318684,0.9769408589,0.94,0.05477225575,0.9,0.8719912619,1.008008738,0.9304260652,0.02785035213,0.9473684211,0.8958452856,0.9650068448,0.1187001761,0.008938033655,0.1175060702,0.1076021415,0.1297982107,0.7691008033,0.02898327443,0.7761345145,0.7331133149,0.8050882917,,,,,,0.99,0.02236067977,1,0.9622355489,1.017764451,80,20,16
vqc,4,2,moderate,zne_rem,5,0.93,0.02738612788,0.95,0.895995631,0.964004369,0.9236363636,0.0429298871,0.9090909091,0.8703318684,0.9769408589,0.94,0.05477225575,0.9,0.8719912619,1.008008738,0.9304260652,0.02785035213,0.9473684211,0.8958452856,0.9650068448,0.06513249275,0.01422483479,0.06233262155,0.04747002751,0.082794958,1.011720089,0.04617102453,1.036329133,0.9543911899,1.069048988,,,,,,0.99,0.02236067977,1,0.9622355489,1.017764451,80,20,16
vqc,4,4,exact,none,5,0.92,0.04472135955,0.95,0.8644710979,0.9755289021,0.9072727273,0.06441087121,0.9090909091,0.8272960674,0.9872493872,0.94,0.05477225575,0.9,0.8719912619,1.008008738,0.9218546366,0.04236715904,0.9473684211,0.8692488605,0.9744604127,0,0,0,0,0,1,0,1,1,1,1,0,1,1,1,1,0,1,1,1,80,20,32
vqc,4,4,high,none,5,0.94,0.05477225575,0.95,0.8719912619,1.008008738,0.9272727273,0.0760600024,0.9090909091,0.8328317606,1.021713694,0.96,0.05477225575,1,0.8919912619,1.028008738,0.9418546366,0.05198311586,0.9523809524,0.8773090731,1.0064002,0.4703592635,0.03942194312,0.4604127272,0.421410456,0.519308071,0.2475427214,0.03204973722,0.2481717892,0.2077477165,0.2873377263,0.7917836626,0.0448732698,0.7737655476,0.736066139,0.8475011862,0.98,0.02738612788,1,0.945995631,1.014004369,80,20,32
vqc,4,4,high,rem,5,0.95,0.03535533906,0.95,0.9061005483,0.9938994517,0.9436363636,0.05158640348,0.9090909091,0.8795833836,1.007689344,0.96,0.05477225575,1,0.8919912619,1.028008738,0.9504260652,0.03541664658,0.9523809524,0.9064504902,0.9944016402,0.3791124836,0.04470987938,0.3530016714,0.323597836,0.4346271312,0.3978138429,0.05411276065,0.401385582,0.3306239762,0.4650037097,0.8289102299,0.04111336822,0.8109265881,0.7778612408,0.8799592191,0.97,0.02738612788,0.95,0.935995631,1.004004369,80,20,32
vqc,4,4,high,zne,5,0.95,0.03535533906,0.95,0.9061005483,0.9938994517,0.9436363636,0.05158640348,0.9090909091,0.8795833836,1.007689344,0.96,0.05477225575,1,0.8919912619,1.028008738,0.9504260652,0.03541664658,0.9523809524,0.9064504902,0.9944016402,0.3707143926,0.03388483122,0.3631234633,0.3286408175,0.4127879676,0.4132511196,0.03546755651,0.4197948152,0.3692123316,0.4572899076,,,,,,0.97,0.02738612788,0.95,0.935995631,1.004004369,80,20,32
vqc,4,4,high,zne_rem,5,0.95,0.03535533906,0.95,0.9061005483,0.9938994517,0.9436363636,0.05158640348,0.9090909091,0.8795833836,1.007689344,0.96,0.05477225575,1,0.8919912619,1.028008738,0.9504260652,0.03541664658,0.9523809524,0.9064504902,0.9944016402,0.2266390579,0.04481758404,0.214864379,0.1709906773,0.2822874385,0.6640336531,0.06099871388,0.6797368293,0.5882937461,0.73977356,,,,,,0.97,0.02738612788,0.95,0.935995631,1.004004369,80,20,32
vqc,4,4,ideal,none,5,0.93,0.02738612788,0.95,0.895995631,0.964004369,0.9236363636,0.0429298871,0.9090909091,0.8703318684,0.9769408589,0.94,0.05477225575,0.9,0.8719912619,1.008008738,0.9304260652,0.02785035213,0.9473684211,0.8958452856,0.9650068448,0.01817797321,0.00175010156,0.01864408568,0.01600493511,0.02035101131,0.9892460649,0.00650226407,0.9884927039,0.9811724377,0.9973196921,0.9960102053,0.0004976536317,0.9960794728,0.9953922867,0.9966281239,0.99,0.02236067977,1,0.9622355489,1.017764451,80,20,32
vqc,4,4,ideal,rem,5,0.93,0.02738612788,0.95,0.895995631,0.964004369,0.9236363636,0.0429298871,0.9090909091,0.8703318684,0.9769408589,0.94,0.05477225575,0.9,0.8719912619,1.008008738,0.9304260652,0.02785035213,0.9473684211,0.8958452856,0.9650068448,0.01817797321,0.00175010156,0.01864408568,0.01600493511,0.02035101131,0.9892460649,0.00650226407,0.9884927039,0.9811724377,0.9973196921,0.9960102053,0.0004976536317,0.9960794728,0.9953922867,0.9966281239,0.99,0.02236067977,1,0.9622355489,1.017764451,80,20,32
vqc,4,4,ideal,zne,5,0.94,0.02236067977,0.95,0.9122355489,0.9677644511,0.9436363636,0.05158640348,0.9090909091,0.8795833836,1.007689344,0.94,0.05477225575,0.9,0.8719912619,1.008008738,0.9398997494,0.02244500486,0.9473684211,0.9120305949,0.9677689039,0.04271975941,0.005368917365,0.04464335556,0.03605336801,0.04938615081,0.9747769699,0.01909776693,0.9772768423,0.9510639603,0.9984899796,,,,,,0.98,0.04472135955,1,0.9244710979,1.035528902,80,20,32
vqc,4,4,ideal,zne_rem,5,0.94,0.02236067977,0.95,0.9122355489,0.9677644511,0.9436363636,0.05158640348,0.9090909091,0.8795833836,1.007689344,0.94,0.05477225575,0.9,0.8719912619,1.008008738,0.9398997494,0.02244500486,0.9473684211,0.9120305949,0.9677689039,0.04271975941,0.005368917365,0.04464335556,0.03605336801,0.04938615081,0.9747769699,0.01909776693,0.9772768423,0.9510639603,0.9984899796,,,,,,0.98,0.04472135955,1,0.9244710979,1.035528902,80,20,32
vqc,4,4,low,none,5,0.93,0.05700877125,0.95,0.8592142612,1.000785739,0.9072727273,0.06441087121,0.9090909091,0.8272960674,0.9872493872,0.96,0.05477225575,1,0.8919912619,1.028008738,0.9323809524,0.05495824019,0.9523809524,0.8641412841,1.000620621,0.08639597013,0.01057349693,0.08970960222,0.07326723965,0.0995247006,0.8671601882,0.01423569888,0.8612058936,0.8494842334,0.8848361429,0.9840403467,0.003030216859,0.9833857123,0.9802778355,0.9878028579,0.99,0.02236067977,1,0.9622355489,1.017764451,80,20,32
vqc,4,4,low,rem,5,0.93,0.05700877125,0.95,0.8592142612,1.000785739,0.9072727273,0.06441087121,0.9090909091,0.8272960674,0.9872493872,0.96,0.05477225575,1,0.8919912619,1.028008738,0.9323809524,0.05495824019,0.9523809524,0.8641412841,1.000620621,0.04377112927,0.008491937794,0.04388050928,0.03322699583,0.0543152627,0.9413249298,0.0169717204,0.9330075155,0.9202517556,0.962398104,0.990503099,0.001630355453,0.9897761774,0.9884787454,0.9925274527,0.99,0.02236067977,1,0.9622355489,1.017764451,80,20,32
vqc,4,4,low,zne,5,0.94,0.05477225575,0.95,0.8719912619,1.008008738,0.9272727273,0.0760600024,0.9090909091,0.8328317606,1.021713694,0.96,0.05477225575,1,0.8919912619,1.028008738,0.9418546366,0.05198311586,0.9523809524,0.8773090731,1.0064002,0.06709431517,0.00827776528,0.06482490638,0.05681611203,0.0773725183,0.9281388406,0.02178282064,0.9277982616,0.9010918964,0.9551857847,,,,,,0.98,0.02738612788,1,0.945995631,1.014004369,80,20,32
vqc,4,4,low,zne_rem,5,0.94,0.05477225575,0.95,0.8719912619,1.008008738,0.9272727273,0.0760600024,0.9090909091,0.8328317606,1.021713694,0.96,0.05477225575,1,0.8919912619,1.028008738,0.9418546366,0.05198311586,0.9523809524,0.8773090731,1.0064002,0.04987040773,0.0102392566,0.05059875781,0.03715669144,0.06258412402,1.007642636,0.02503877592,1.00561725,0.9765528893,1.038732383,,,,,,0.98,0.02738612788,1,0.945995631,1.014004369,80,20,32
vqc,4,4,moderate,none,5,0.94,0.02236067977,0.95,0.9122355489,0.9677644511,0.9436363636,0.05158640348,0.9090909091,0.8795833836,1.007689344,0.94,0.05477225575,0.9,0.8719912619,1.008008738,0.9398997494,0.02244500486,0.9473684211,0.9120305949,0.9677689039,0.2884256698,0.0304492742,0.2703948184,0.2506179022,0.3262334373,0.5381348745,0.04147879414,0.5235033341,0.4866321492,0.5896375999,0.9074951849,0.02150084723,0.902045062,0.8807983569,0.9341920128,0.98,0.04472135955,1,0.9244710979,1.035528902,80,20,32
vqc,4,4,moderate,rem,5,0.94,0.02236067977,0.95,0.9122355489,0.9677644511,0.9436363636,0.05158640348,0.9090909091,0.8795833836,1.007689344,0.94,0.05477225575,0.9,0.8719912619,1.008008738,0.9398997494,0.02244500486,0.9473684211,0.9120305949,0.9677689039,0.1870492001,0.0357459375,0.1834612235,0.1426647564,0.2314336438,0.7021723458,0.05445619095,0.6762178471,0.634556054,0.7697886376,0.9397370726,0.01606030126,0.9332387776,0.9197955747,0.9596785704,0.98,0.04472135955,1,0.9244710979,1.035528902,80,20,32
vqc,4,4,moderate,zne,5,0.93,0.02738612788,0.95,0.895995631,0.964004369,0.9236363636,0.0429298871,0.9090909091,0.8703318684,0.9769408589,0.94,0.05477225575,0.9,0.8719912619,1.008008738,0.9304260652,0.02785035213,0.9473684211,0.8958452856,0.9650068448,0.1805183281,0.01966483328,0.1757999567,0.1561012126,0.2049354436,0.7189312261,0.03267239066,0.7230314504,0.6783630948,0.7594993573,,,,,,0.99,0.02236067977,1,0.9622355489,1.017764451,80,20,32
vqc,4,4,moderate,zne_rem,5,0.93,0.02738612788,0.95,0.895995631,0.964004369,0.9236363636,0.0429298871,0.9090909091,0.8703318684,0.9769408589,0.94,0.05477225575,0.9,0.8719912619,1.008008738,0.9304260652,0.02785035213,0.9473684211,0.8958452856,0.9650068448,0.08501493809,0.01564352839,0.08731013738,0.06559093208,0.1044389441,0.937779446,0.04183733532,0.9343127777,0.885831533,0.9897273591,,,,,,0.99,0.02236067977,1,0.9622355489,1.017764451,80,20,32
