n_qubits,depth_layers,noise_level,method,n_seeds,abs_error_mean,abs_error_std,abs_error_median,abs_error_ci95_low,abs_error_ci95_high,signed_error_mean,signed_error_std,signed_error_median,signed_error_ci95_low,signed_error_ci95_high,improvement_pct_mean,improvement_pct_std,improvement_pct_median,improvement_pct_ci95_low,improvement_pct_ci95_high,error_reduction_factor_mean,error_reduction_factor_std,error_reduction_factor_median,error_reduction_factor_ci95_low,error_reduction_factor_ci95_high,hellinger_fidelity_mean,hellinger_fidelity_std,hellinger_fidelity_median,hellinger_fidelity_ci95_low,hellinger_fidelity_ci95_high,tvd_mean,tvd_std,tvd_median,tvd_ci95_low,tvd_ci95_high,M_abs_error_mean,M_abs_error_std,M_abs_error_median,M_abs_error_ci95_low,M_abs_error_ci95_high,est_std_mean,est_std_std,est_std_median,est_std_ci95_low,est_std_ci95_high,n_circuits,total_shots,base_depth,max_depth,base_cx,total_cx,total_1q,time_quantum_s_mean,time_classical_s_mean
2,2,ideal,none,5,0.01803772243,0.02080626705,0.01078886457,-0.007796670303,0.04387211516,-0.01239320579,0.02544819443,-0.0103321882,-0.04399131262,0.01920490105,,,,,,,,,,,0.9990488707,0.0007234515418,0.9989736437,0.9981505869,0.9999471544,0.01967070389,0.01279179488,0.01673453203,0.003787592713,0.03555381507,0.02714179395,0.02085013321,0.02792791938,0.001252934184,0.05303065372,0.0209811376,0.005524831641,0.02147188691,0.01412115306,0.02784112215,1,1024,6,6,2,2,8,0.00158044,3.804000007e-05
2,2,ideal,rem,5,0.01803772243,0.02080626705,0.01078886457,-0.007796670303,0.04387211516,-0.01239320579,0.02544819443,-0.0103321882,-0.04399131262,0.01920490105,0,0,0,0,0,1,0,1,1,1,0.9990488707,0.0007234515418,0.9989736437,0.9981505869,0.9999471544,0.01967070389,0.01279179488,0.01673453203,0.003787592713,0.03555381507,0.02714179395,0.02085013321,0.02792791938,0.001252934184,0.05303065372,,,,,,5,5120,6,6,2,2,12,0.00621994,0.0001642200001
2,2,ideal,zne,5,0.05793030055,0.06576279663,0.02250761457,-0.02372499644,0.1395855975,-0.02953187766,0.08619443326,-0.01518016306,-0.1365564023,0.07749264697,-521.2330587,759.4971517,-209.5322059,-1464.273329,421.8072113,0.3662745381,0.2794889826,0.3230681592,0.01924313055,0.7133059457,,,,,,,,,,,0.04873899402,0.04333912467,0.02756170844,-0.005073636806,0.1025516248,0.0483389132,0.01283061891,0.04901383786,0.03240759563,0.06427023077,3,3072,6,30,2,18,72,0.005816440001,0.0002581599999
2,2,ideal,zne_rem,5,0.05793030055,0.06576279663,0.02250761457,-0.02372499644,0.1395855975,-0.02953187766,0.08619443326,-0.01518016306,-0.1365564023,0.07749264697,-521.2330587,759.4971517,-209.5322059,-1464.273329,421.8072113,0.3662745381,0.2794889826,0.3230681592,0.01924313055,0.7133059457,,,,,,,,,,,0.04873899402,0.04333912467,0.02756170844,-0.005073636806,0.1025516248,,,,,,7,7168,6,30,2,18,76,0.01045594,0.00035154
2,2,low,none,5,0.04713504487,0.02887650479,0.0521678118,0.01128012848,0.08298996126,-0.001846330786,0.06005607318,-0.001513708388,-0.07641579473,0.07272313316,,,,,,,,,,,0.9966206624,0.001830711076,0.996592012,0.9943475344,0.9988937904,0.03082065448,0.007169306441,0.03336456298,0.02191878478,0.03972252418,0.01279838467,0.0133051282,0.01132647611,-0.003722114002,0.02931888334,0.02298226798,0.004817291737,0.02378962173,0.01700081026,0.0289637257,1,1024,6,6,2,2,8,0.00329068,3.802000001e-05
2,2,low,rem,5,0.02827181531,0.02018387026,0.0295607712,0.003210230266,0.05333340035,0.003129781859,0.03733983967,0.008870056132,-0.04323375276,0.04949331648,-59.38014198,239.3085278,34.364361,-356.5209254,237.7606415,2.023184158,1.890067112,1.523562527,-0.3236441289,4.370012445,0.9985826152,0.0006988713995,0.9984298589,0.9977148517,0.9994503786,0.0209547152,0.004147520932,0.0210099478,0.01580488778,0.02610454262,0.01295732685,0.009653927297,0.00958112003,0.0009703928857,0.02494426082,,,,,,5,5120,6,6,2,2,12,0.01154908,0.0001697199999
2,2,low,zne,5,0.04775026464,0.02435677657,0.03666777082,0.01750733207,0.07799319722,0.00025327859,0.05867948614,0.02711842654,-0.07260692679,0.07311348397,-348.5771705,802.8560108,-4.022551688,-1345.454575,648.3002339,1.044530518,0.7924022475,0.9613300037,0.06063317488,2.02842786,,,,,,,,,,,0.03006959973,0.01539828921,0.02322934267,0.01095009839,0.04918910108,0.05323270257,0.01069789456,0.05485182739,0.03994951204,0.06651589311,3,3072,6,30,2,18,72,0.01057782,0.00023814
2,2,low,zne_rem,5,0.02947891443,0.02476135584,0.03983254209,-0.001266369664,0.06022419852,0.005118515435,0.04082442575,0.004589671449,-0.04557170426,0.05580873513,-459.910785,1158.569053,25.948848,-1898.464267,978.6426971,6.584632028,7.94149288,1.350417884,-3.276033773,16.44529783,,,,,,,,,,,0.02688388931,0.01528892405,0.03009311685,0.007900182747,0.04586759586,,,,,,7,7168,6,30,2,18,76,0.01883622,0.00035772
2,2,moderate,none,5,0.1194006699,0.04418745735,0.1140571162,0.06453469491,0.1742666448,0.007919294202,0.1403381178,-0.05424808339,-0.1663334943,0.1821720827,,,,,,,,,,,0.9801730713,0.01292396634,0.9744474786,0.9641258475,0.996220295,0.07710971697,0.02935349174,0.06331524047,0.04066254305,0.1135568909,0.03243379566,0.03393731326,0.01699395562,-0.009704944418,0.07457253573,0.02501598663,0.003574859421,0.02468326919,0.02057721239,0.02945476087,1,1024,6,6,2,2,8,0.00287074,3.835999996e-05
2,2,moderate,rem,5,0.04351032387,0.04515073835,0.02042779122,-0.01255172243,0.09957237017,0.03178575588,0.05605449742,0.003561257957,-0.03781509551,0.1013866073,69.04915489,26.48644364,82.08985822,36.16189138,101.9364184,9.232798275,12.34273177,5.583428721,-6.092727399,24.55832395,0.9915276754,0.007403573584,0.9904476573,0.9823349246,1.000720426,0.04662403692,0.02765131446,0.05412443222,0.01229039525,0.08095767859,0.02791449399,0.01832781676,0.02226240559,0.005157503756,0.05067148422,,,,,,5,5120,6,6,2,2,12,0.01059454,0.00019696
2,2,moderate,zne,5,0.05204801466,0.05149301561,0.02925019793,-0.01188900898,0.1159850383,0.04478452858,0.05941976055,0.02925019793,-0.02899484888,0.118563906,62.6821548,27.90376872,73.50483301,28.03504977,97.32925984,5.738474825,6.554059545,3.774273249,-2.399464954,13.8764146,,,,,,,,,,,0.04030911268,0.04531983457,0.02596499327,-0.01596289431,0.09658111966,0.05915828261,0.006871251304,0.05842147376,0.05062649724,0.06769006797,3,3072,6,30,2,18,72,0.00991886,0.00025146
2,2,moderate,zne_rem,5,0.07377653604,0.05715858402,0.04013608543,0.002804780072,0.144748292,0.07377653604,0.05715858402,0.04013608543,0.002804780072,0.144748292,29.75688165,52.73174443,26.01381852,-35.71822697,95.23199027,2.60803574,2.204146015,1.351603745,-0.1287730139,5.344844493,,,,,,,,,,,0.0513367205,0.0267730328,0.04369907018,0.01809360955,0.08457983145,,,,,,7,7168,6,30,2,18,76,0.01764266,0.00035448
2,4,ideal,none,5,0.02578010996,0.0206084079,0.02331081011,0.0001913918123,0.05136882811,-0.01165607315,0.03294911246,0.005133917218,-0.05256779986,0.02925565357,,,,,,,,,,,0.9993086844,0.000447185176,0.9995140947,0.9987534307,0.9998639382,0.0189134383,0.01087773153,0.02070341567,0.005406950676,0.03241992593,0.01830792741,0.01434940173,0.01205980347,0.0004907918838,0.03612506294,0.02643570501,0.00277275434,0.02713340508,0.02299287577,0.02987853425,1,1024,12,12,4,4,16,0.00226748,3.158000009e-05
2,4,ideal,rem,5,0.02578010996,0.0206084079,0.02331081011,0.0001913918123,0.05136882811,-0.01165607315,0.03294911246,0.005133917218,-0.05256779986,0.02925565357,0,0,0,0,0,1,0,1,1,1,0.9993086844,0.000447185176,0.9995140947,0.9987534307,0.9998639382,0.0189134383,0.01087773153,0.02070341567,0.005406950676,0.03241992593,0.01830792741,0.01434940173,0.01205980347,0.0004907918838,0.03612506294,,,,,,5,5120,12,12,4,4,20,0.00695944,0.0001216399999
2,4,ideal,zne,5,0.05325578781,0.04094982217,0.07501890209,0.002409867892,0.1041017077,-0.01883380752,0.06912829539,-0.01413072903,-0.1046679232,0.06700030812,-99.47376452,109.3719838,-102.2199854,-235.2770193,36.32949022,0.6654239514,0.4368917094,0.4945109644,0.1229512448,1.207896658,,,,,,,,,,,0.04816632585,0.03352056951,0.03520005267,0.006545041489,0.08978761021,0.06032077193,0.005997610626,0.06130413629,0.05287375474,0.06776778912,3,3072,12,60,4,36,144,0.00798896,0.0002090599999
2,4,ideal,zne_rem,5,0.05325578781,0.04094982217,0.07501890209,0.002409867892,0.1041017077,-0.01883380752,0.06912829539,-0.01413072903,-0.1046679232,0.06700030812,-99.47376452,109.3719838,-102.2199854,-235.2770193,36.32949022,0.6654239514,0.4368917094,0.4945109644,0.1229512448,1.207896658,,,,,,,,,,,0.04816632585,0.03352056951,0.03520005267,0.006545041489,0.08978761021,,,,,,7,7168,12,60,4,36,148,0.01268092,0.0003065800001
2,4,low,none,5,0.04694163849,0.02881682053,0.06096742603,0.0111608299,0.08272244708,0.01139080186,0.05850314493,0.01159206011,-0.06125044698,0.0840320507,,,,,,,,,,,0.9973772492,0.00166936282,0.9973764427,0.9953044615,0.9994500369,0.03427266638,0.01017912462,0.03368989607,0.0216336138,0.04691171895,0.02555592264,0.0226978975,0.01960951764,-0.002627239523,0.0537390848,0.02726265481,0.001736443821,0.02757161428,0.02510657503,0.02941873458,1,1024,12,12,4,4,16,0.00290742,3.39799999e-05
2,4,low,rem,5,0.03114881313,0.01578516949,0.04023429799,0.01154893648,0.05074868979,0.00110678119,0.03821584841,-0.005939494638,-0.04634446194,0.04855802432,27.70491417,30.24110556,36.19188912,-9.844377865,65.25420621,1.529154658,0.4459242039,1.567198881,0.9754666278,2.082842688,0.9983736098,0.001398072279,0.9990546585,0.9966376738,1.000109546,0.02597939985,0.009259456523,0.0242244324,0.01448226604,0.03747653366,0.02315434303,0.02202188357,0.01970319611,-0.004189436979,0.05049812303,,,,,,5,5120,12,12,4,4,20,0.0103296,0.0001518
2,4,low,zne,5,0.06769543945,0.02740244752,0.05896458051,0.0336708069,0.101720072,-0.0180037294,0.07793630054,-0.0412766338,-0.1147744279,0.07876696914,-163.4717876,249.6487775,3.603999329,-473.4516868,146.5081116,0.8386922777,0.6414933053,1.037387436,0.04217313546,1.63521142,,,,,,,,,,,0.04255217458,0.03318623199,0.03969800903,0.001346025083,0.08375832409,0.06298593933,0.003932185409,0.06344035198,0.05810348627,0.06786839238,3,3072,12,60,4,36,144,0.01123384,0.00022352
2,4,low,zne_rem,5,0.0577374712,0.04333983143,0.03851532177,0.003923962819,0.1115509796,-0.0292693992,0.07053005247,-0.01517705546,-0.1168440261,0.05830522775,-184.4913537,331.8341991,36.82639357,-596.5179321,227.5352247,1.731749927,1.805301262,1.582939548,-0.5098276555,3.973327509,,,,,,,,,,,0.04123606674,0.03347869485,0.03563815765,-0.0003332233664,0.08280535684,,,,,,7,7168,12,60,4,36,148,0.01865602,0.0003131200001
2,4,moderate,none,5,0.1282920804,0.0304801614,0.1194016338,0.09044596129,0.1661381994,0.08053142684,0.1157409789,0.1190139351,-0.06317997983,0.2242428335,,,,,,,,,,,0.9888632504,0.0051764024,0.9897382925,0.9824358979,0.9952906029,0.07105205389,0.01075622629,0.07540558802,0.05769643495,0.08440767283,0.02389983083,0.02222349695,0.02889098189,-0.003694285248,0.05149394692,0.02861140885,0.001410298726,0.02836125801,0.0268602917,0.03036252601,1,1024,12,12,4,4,16,0.00289096,3.253999985e-05
2,4,moderate,rem,5,0.07074436349,0.02537224124,0.08521749802,0.03924056499,0.102248162,0.0485281701,0.06289656363,0.08521749802,-0.02956822856,0.1266245688,45.87446565,12.98493071,47.8787363,29.75154467,61.99738663,1.936113818,0.4698208599,1.918602752,1.352754171,2.519473466,0.9951357424,0.003085569604,0.9960851767,0.9913045017,0.9989669831,0.04371845767,0.007827416467,0.04301789141,0.03399943645,0.0534374789,0.01293825203,0.01009853536,0.009438953136,0.0003992642361,0.02547723982,,,,,,5,5120,12,12,4,4,20,0.01049002,0.0001358199999
2,4,moderate,zne,5,0.036348721,0.0327726286,0.02857141722,-0.004343872053,0.07704131405,0.03536541123,0.03409093272,0.02857141722,-0.006964072588,0.07769489505,73.39140212,20.71967347,67.22151964,47.66452952,99.11827472,13.53592252,19.96755014,3.050782065,-11.25706562,38.32891066,,,,,,,,,,,0.02180437727,0.02447199754,0.01109823732,-0.008581621038,0.05219037559,0.06652811307,0.002634842368,0.06612786457,0.06325652416,0.06979970198,3,3072,12,60,4,36,144,0.01125224,0.0002120000001
2,4,moderate,zne_rem,5,0.03812874019,0.02441003902,0.03316519717,0.007819673545,0.06843780684,-0.003092305454,0.0490015112,-0.03137475854,-0.06393571777,0.05775110686,67.80326491,21.87162388,67.64021089,40.64605695,94.96047287,5.443492228,5.344819193,3.090254997,-1.192977341,12.0799618,,,,,,,,,,,0.02797000134,0.03991576057,0.0136157159,-0.02159196153,0.0775319642,,,,,,7,7168,12,60,4,36,148,0.0188513,0.0003594199999
4,2,ideal,none,5,0.01574498204,0.01067852399,0.01335742349,0.002485843245,0.02900412084,-0.004208111652,0.02004435567,-0.00817065424,-0.02909646646,0.02068024315,,,,,,,,,,,0.9964759654,0.001246233295,0.9962834039,0.9949285624,0.9980233684,0.03569303026,0.01206286893,0.03645838473,0.0207150002,0.05067106033,0.01072940541,0.01348601592,0.0053870773,-0.006015695035,0.02747450586,0.02576595738,0.003386107529,0.02414702284,0.02156154956,0.02997036519,1,1024,9,9,6,6,16,0.00187566,4.627999997e-05
4,2,ideal,rem,5,0.01574498204,0.01067852399,0.01335742349,0.002485843245,0.02900412084,-0.004208111652,0.02004435567,-0.00817065424,-0.02909646646,0.02068024315,0,0,0,0,0,1,0,1,1,1,0.9964759654,0.001246233295,0.9962834039,0.9949285624,0.9980233684,0.03569303026,0.01206286893,0.03645838473,0.0207150002,0.05067106033,0.01072940541,0.01348601592,0.0053870773,-0.006015695035,0.02747450586,,,,,,17,17408,9,9,6,6,48,0.02047616,0.00020566
4,2,ideal,zne,5,0.05051060704,0.01578647784,0.05705859536,0.03090910585,0.07011210823,-0.0253995179,0.051302488,-0.03428815243,-0.08909997027,0.03830093446,-344.5633259,274.4272068,-301.7898249,-685.3097087,-3.816943094,0.2854292068,0.135105689,0.2488863426,0.1176733368,0.4531850768,,,,,,,,,,,0.0259251536,0.01979307695,0.01472545621,0.001348802533,0.05050150467,0.05856547987,0.007538914915,0.05471553414,0.04920468063,0.0679262791,3,3072,9,45,6,54,144,0.00781988,0.0002893000001
4,2,ideal,zne_rem,5,0.05051060704,0.01578647784,0.05705859536,0.03090910585,0.07011210823,-0.0253995179,0.051302488,-0.03428815243,-0.08909997027,0.03830093446,-344.5633259,274.4272068,-301.7898249,-685.3097087,-3.816943094,0.2854292068,0.135105689,0.2488863426,0.1176733368,0.4531850768,,,,,,,,,,,0.0259251536,0.01979307695,0.01472545621,0.001348802533,0.05050150467,,,,,,19,19456,9,45,6,54,176,0.02642038,0.00048922
4,2,low,none,5,0.09919547035,0.02712509894,0.1014268243,0.06551521155,0.1328757292,-0.02217686164,0.1114481098,-0.07781054849,-0.1605579672,0.1162042439,,,,,,,,,,,0.9863621576,0.004918296679,0.9849813856,0.9802552857,0.9924690295,0.07615844663,0.01413617287,0.07947356214,0.0586060697,0.09371082356,0.02167647857,0.01536334835,0.02677131353,0.00260036203,0.0407525951,0.02741933074,0.002521845751,0.02628164189,0.02428804566,0.03055061582,1,1024,9,9,6,6,16,0.0040409,4.748000001e-05
4,2,low,rem,5,0.05828931161,0.03379574853,0.06245255268,0.01632634737,0.1002522759,-0.02709758679,0.06686821678,-0.04985700953,-0.1101254442,0.05593027061,45.07097517,25.68444883,38.42600012,13.17951975,76.96243059,2.856266152,2.913852089,1.624062107,-0.7617590836,6.474291388,0.99108909,0.003659238577,0.9919474822,0.9865455452,0.9956326348,0.06208860209,0.007596517516,0.06383064092,0.05265627978,0.0715209244,0.02233860117,0.01145853601,0.02855847958,0.008110949539,0.03656625281,,,,,,17,17408,9,9,6,6,48,0.04321486,0.0002808399999
4,2,low,zne,5,0.08977164221,0.05372242658,0.0770127618,0.02306643924,0.1564768452,-0.01119053351,0.1131514417,-0.04680468911,-0.151686605,0.1293055379,15.89213449,30.81211084,24.07061709,-22.36615426,54.15042323,1.318550845,0.4529334467,1.317013206,0.7561596902,1.880941999,,,,,,,,,,,0.03059981841,0.01657747257,0.03060411655,0.01001616753,0.05118346928,0.06304892809,0.005472636504,0.06078569454,0.05625375237,0.06984410381,3,3072,9,45,6,54,144,0.01495924,0.00027484
4,2,low,zne_rem,5,0.05831892766,0.04415373188,0.03613872411,0.003494828403,0.1131430269,-0.01561154446,0.07678719485,-0.02595853727,-0.1109554398,0.0797323509,46.71465985,29.32708413,60.63998967,10.30027531,83.12904439,2.444500956,1.378945384,2.54064974,0.7323141177,4.156687795,,,,,,,,,,,0.03151823791,0.01934639049,0.02657814699,0.007496521334,0.05553995448,,,,,,19,19456,9,45,6,54,176,0.0541332,0.00054858
4,2,moderate,none,5,0.1991954704,0.07380894747,0.224154676,0.1075495575,0.2908413832,-0.00030186164,0.2346192471,-0.1066153322,-0.291620134,0.2910164107,,,,,,,,,,,0.9543751896,0.02426606729,0.9471093654,0.9242448875,0.9845054917,0.1393527397,0.03135880593,0.1369682993,0.1004156394,0.1782898401,0.03751917551,0.0329086154,0.03608863483,-0.00334226747,0.07838061848,0.02915438595,0.001119019275,0.0288186783,0.02776494001,0.0305438319,1,1024,9,9,6,6,16,0.0040056,4.577999998e-05
4,2,moderate,rem,5,0.1095338481,0.0466654529,0.09195073173,0.05159103526,0.1674766609,-0.01171898827,0.1303958434,-0.06273168627,-0.1736268126,0.150188836,44.93664513,8.753072458,44.12377934,34.06827018,55.80502007,1.859085111,0.3412188056,1.789670075,1.435406004,2.282764217,0.9765838011,0.01496814206,0.9733228309,0.9579983979,0.9951692042,0.09063642261,0.02747515512,0.09018237008,0.05652151165,0.1247513336,0.02986295147,0.03105845364,0.01310820262,-0.008701212253,0.06842711518,,,,,,17,17408,9,9,6,6,48,0.04361052,0.0003252
4,2,moderate,zne,5,0.1337169547,0.06879014052,0.1240570197,0.0483027138,0.2191311956,0.000137591488,0.1645671284,-0.04143359536,-0.2041994871,0.2044746701,33.50854229,24.5437386,25.10873437,3.033465694,63.98361888,1.757330444,0.9000947669,1.335269195,0.6397151766,2.874945711,,,,,,,,,,,0.03844410362,0.03439087894,0.02558971402,-0.004257812626,0.08114601987,0.06749444541,0.002081758349,0.06678687913,0.06490960101,0.0700792898,3,3072,9,45,6,54,144,0.01463386,0.0002954400001
4,2,moderate,zne_rem,5,0.05997403414,0.01993597435,0.05645046027,0.03522025252,0.08472781576,-0.01245089631,0.06855485404,-0.03699570168,-0.09757299048,0.07267119785,67.07189651,13.43639492,65.73795686,50.38840867,83.75538434,3.513539719,1.579732774,2.918681749,1.552042407,5.475037031,,,,,,,,,,,0.03343494445,0.03350850846,0.02614396268,-0.008171364135,0.07504125304,,,,,,19,19456,9,45,6,54,176,0.05423878,0.0005585
4,4,ideal,none,5,0.01259590264,0.009425550018,0.01113367984,0.00089253652,0.02429926876,0.0005189282544,0.01693591861,0.007663045119,-0.02050979216,0.02154764867,,,,,,,,,,,0.996682722,0.0009660791742,0.9965289912,0.9954831763,0.9978822678,0.03421334473,0.005187294026,0.03059951774,0.02777246849,0.04065422097,0.007717290734,0.002435336709,0.007828791998,0.004693420819,0.01074116065,0.02810416158,0.001688828973,0.02841742079,0.02600720344,0.03020111971,1,1024,17,17,12,12,32,0.00228784,5.24199998e-05
4,4,ideal,rem,5,0.01259590264,0.009425550018,0.01113367984,0.00089253652,0.02429926876,0.0005189282544,0.01693591861,0.007663045119,-0.02050979216,0.02154764867,0,0,0,0,0,1,0,1,1,1,0.996682722,0.0009660791742,0.9965289912,0.9954831763,0.9978822678,0.03421334473,0.005187294026,0.03059951774,0.02777246849,0.04065422097,0.007717290734,0.002435336709,0.007828791998,0.004693420819,0.01074116065,,,,,,17,17408,17,17,12,12,64,0.0231256,0.0002214
4,4,ideal,zne,5,0.04183383695,0.04232597519,0.03474230541,-0.01072080263,0.09438847653,-0.004363884237,0.06289094697,-0.003514757662,-0.0824533089,0.07372554043,-234.9697294,273.2598976,-148.3304545,-574.2667065,104.3272476,0.8745804141,1.287075725,0.402689232,-0.7235351772,2.472696005,,,,,,,,,,,0.01611066614,0.01368319451,0.01289470997,-0.0008792638641,0.03310059614,0.06453443361,0.00374665997,0.06560850351,0.05988234081,0.0691865264,3,3072,17,85,12,108,288,0.01143418,0.0002882600002
4,4,ideal,zne_rem,5,0.04183383695,0.04232597519,0.03474230541,-0.01072080263,0.09438847653,-0.004363884237,0.06289094697,-0.003514757662,-0.0824533089,0.07372554043,-234.9697294,273.2598976,-148.3304545,-574.2667065,104.3272476,0.8745804141,1.287075725,0.402689232,-0.7235351772,2.472696005,,,,,,,,,,,0.01611066614,0.01368319451,0.01289470997,-0.0008792638641,0.03310059614,,,,,,19,19456,17,85,12,108,320,0.03227194,0.0004051999999
4,4,low,none,5,0.07818569429,0.02788894367,0.09147839772,0.04355699699,0.1128143916,0.01106580325,0.09091744424,0.03064574967,-0.1018231141,0.1239547206,,,,,,,,,,,0.9873802084,0.002054202956,0.987806464,0.9848295786,0.9899308383,0.07821601044,0.008378009649,0.08016519821,0.06781333748,0.0886186834,0.02413171594,0.01338055753,0.02586261425,0.007517559378,0.0407458725,0.02928732532,0.001122489161,0.02982209214,0.02789357094,0.0306810797,1,1024,17,17,12,12,32,0.0045715,4.645999998e-05
4,4,low,rem,5,0.04768400757,0.02581583318,0.04773685924,0.01562941693,0.07973859822,0.01088598225,0.0579700975,0.007869621234,-0.06109340078,0.08286536529,44.11661171,19.46108361,42.01070117,19.95248482,68.2807386,2.068533072,1.047419417,1.724456098,0.7679900912,3.369076053,0.9904707838,0.002015942643,0.9908385157,0.9879676604,0.9929739072,0.06796163322,0.008252750737,0.06504792941,0.05771448974,0.07820877669,0.02134443684,0.01077587628,0.02364616318,0.007964419211,0.03472445446,,,,,,17,17408,17,17,12,12,64,0.04459806,0.00028592
4,4,low,zne,5,0.05409189471,0.03722251178,0.06953290811,0.007874041912,0.1003097475,0.01433728763,0.06918080987,0.01447863353,-0.07156203336,0.1002366086,4.584013708,108.4922495,29.98966647,-130.1269066,139.294934,2.959012036,2.786227218,1.428360571,-0.5005459908,6.418570063,,,,,,,,,,,0.01967710343,0.02173104851,0.01420489941,-0.007305557155,0.04665976401,0.0676953735,0.002092255584,0.06861611035,0.06509749506,0.07029325193,3,3072,17,85,12,108,288,0.01955494,0.00025384
4,4,low,zne_rem,5,0.06195566455,0.03549775343,0.05539856566,0.0178793821,0.106031947,0.01456807363,0.07611133292,0.0454633639,-0.07993662831,0.1090727756,-19.14391961,150.3537673,40.53710365,-205.8327794,167.5449402,1.755448001,1.112232658,1.681720975,0.3744287522,3.136467249,,,,,,,,,,,0.01773588855,0.01954802233,0.01160056722,-0.006536187018,0.04200796411,,,,,,19,19456,17,85,12,108,320,0.0595815,0.0004905799999
4,4,moderate,none,5,0.2125606943,0.04024984995,0.1947274298,0.1625839047,0.2625374839,0.01575330326,0.2403901062,0.1872086894,-0.2827304372,0.3142370437,,,,,,,,,,,0.9514095757,0.007907860531,0.9486353311,0.94159067,0.9612284815,0.1589093288,0.02229908962,0.1519250959,0.1312213521,0.1865973056,0.04394124268,0.01593557592,0.04476068995,0.02415461177,0.0637278736,0.03054599943,0.0004056001975,0.03062359515,0.03004238027,0.03104961859,1,1024,17,17,12,12,32,0.00553322,4.524000015e-05
4,4,moderate,rem,5,0.1513312355,0.03135293309,0.1366101137,0.1124014273,0.1902610438,0.00677158178,0.1719072921,0.1252312916,-0.2066795138,0.2202226774,28.94867013,3.469929144,28.26501466,24.64018404,33.25715622,1.410112349,0.0686249102,1.394019941,1.324903268,1.495321429,0.9657528434,0.00525421621,0.965690489,0.9592288723,0.9722768145,0.1252788576,0.01571035354,0.1206828551,0.1057718772,0.144785838,0.03291940591,0.0126834179,0.02989754766,0.01717086253,0.04866794929,,,,,,17,17408,17,17,12,12,64,0.04637636,0.00028776
4,4,moderate,zne,5,0.1087521005,0.0377731391,0.1077941872,0.06185055363,0.1556536475,0.008429084506,0.1269715418,0.04829267373,-0.1492269077,0.1660850767,48.0404495,19.61406172,42.9203974,23.68637521,72.39452379,2.230989661,1.046218879,1.751939317,0.9319373451,3.530041977,,,,,,,,,,,0.02776140418,0.004610070744,0.02720538769,0.0220372453,0.03348556305,0.07025415375,0.0006380324228,0.07039197389,0.06946193186,0.07104637564,3,3072,17,85,12,108,288,0.02050064,0.0002759800001
4,4,moderate,zne_rem,5,0.04814133355,0.02188043986,0.05544585561,0.0209731791,0.07530948799,-0.00432619571,0.0578994273,0.02204667153,-0.0762178301,0.06756543868,76.19456093,11.62214678,70.44389945,61.76375969,90.62536216,5.732191815,4.201689764,3.383396258,0.5151049025,10.94927873,,,,,,,,,,,0.0228471891,0.01267883582,0.01881688668,0.007104335127,0.03859004308,,,,,,19,19456,17,85,12,108,320,0.06134378,0.0006071199999
6,2,ideal,none,5,0.02736242477,0.02624413318,0.01904099605,-0.005223970566,0.0599488201,0.02437538975,0.02969735436,0.01904099605,-0.01249874599,0.0612495255,,,,,,,,,,,0.9810502905,0.003754039056,0.9801870761,0.9763890354,0.9857115457,0.06967027246,0.01365000266,0.07415125153,0.05272155558,0.08661898934,0.007863888145,0.004710990593,0.009715072475,0.002014420729,0.01371335556,0.02863506108,0.000555465308,0.02871507887,0.0279453598,0.02932476235,1,1024,11,11,10,10,24,0.0025584,9.137999996e-05
6,2,ideal,rem,5,0.02736242477,0.02624413318,0.01904099605,-0.005223970566,0.0599488201,0.02437538975,0.02969735436,0.01904099605,-0.01249874599,0.0612495255,0,0,0,0,0,1,0,1,1,1,0.9810502905,0.003754039056,0.9801870761,0.9763890354,0.9857115457,0.06967027246,0.01365000266,0.07415125153,0.05272155558,0.08661898934,0.007863888145,0.004710990593,0.009715072475,0.002014420729,0.01371335556,,,,,,65,66560,11,11,10,10,216,0.0833461,0.0004296800001
6,2,ideal,zne,5,0.05299719039,0.04637867538,0.03017266566,-0.004589541116,0.1105839219,0.04092812412,0.05973248769,0.0195807282,-0.03323955537,0.1150958036,-151.1640118,152.0273789,-127.8312393,-339.9309349,37.60291135,0.7003525974,0.7337569737,0.4389213714,-0.2107270203,1.611432215,,,,,,,,,,,0.0127287617,0.008737679073,0.01276683029,0.001879500167,0.02357802323,0.06557662127,0.001198148811,0.06555218004,0.06408892303,0.06706431951,3,3072,11,55,10,90,216,0.01350054,0.0003562799999
6,2,ideal,zne_rem,5,0.05299719039,0.04637867538,0.03017266566,-0.004589541116,0.1105839219,0.04092812412,0.05973248769,0.0195807282,-0.03323955537,0.1150958036,-151.1640118,152.0273789,-127.8312393,-339.9309349,37.60291135,0.7003525974,0.7337569737,0.4389213714,-0.2107270203,1.611432215,,,,,,,,,,,0.0127287617,0.008737679073,0.01276683029,0.001879500167,0.02357802323,,,,,,67,68608,11,55,10,90,408,0.09428824,0.0008339800001
6,2,low,none,5,0.07124987028,0.01924002465,0.06722185188,0.04736022434,0.09513951622,-0.03031211024,0.07461453299,-0.05629571253,-0.1229582896,0.06233406912,,,,,,,,,,,0.9712337794,0.006140257252,0.9728104109,0.9636096431,0.9788579158,0.1026280931,0.007699516131,0.1059585135,0.09306788107,0.112188305,0.01495993119,0.008579768591,0.01708906595,0.004306741418,0.02561312096,0.02972895355,0.0003852798333,0.02980291119,0.02925056545,0.03020734164,1,1024,11,11,10,10,24,0.00623174,7.433999999e-05
6,2,low,rem,5,0.02711304002,0.01688970327,0.02506392685,0.006141703528,0.04808437651,-0.00555611386,0.03414044887,-0.02119952063,-0.0479470801,0.03683485238,64.23978936,14.13389201,62.71461414,46.6902445,81.78933423,3.474486867,2.270469905,2.682015962,0.6553261274,6.293647607,0.9740699125,0.004263691354,0.9761744779,0.9687758405,0.9793639846,0.09348709454,0.007226611241,0.09521700634,0.08451407153,0.1024601175,0.01417194142,0.006983885433,0.01205947505,0.005500302307,0.02284358053,,,,,,65,66560,11,11,10,10,216,0.21696188,0.0008638800001
6,2,low,zne,5,0.05319050076,0.009438914555,0.05226041419,0.04147054038,0.06491046115,0.01158242101,0.05880424497,0.04044416375,-0.06143269292,0.08459753493,22.84876076,16.9709289,30.5136694,1.776569328,43.92095219,1.345635307,0.2823602531,1.439131972,0.9950387466,1.696231868,,,,,,,,,,,0.0222678739,0.0122273223,0.02355879251,0.007085648006,0.0374500998,0.06846645232,0.0006394553571,0.06864613901,0.06767246362,0.06926044101,3,3072,11,55,10,90,216,0.02972108,0.0004113400001
6,2,low,zne_rem,5,0.04910824511,0.05421279106,0.01693718301,-0.01820582579,0.116422316,0.04216332826,0.06108492919,0.01312490779,-0.03368362916,0.1180102857,20.37021566,92.55822041,69.30432684,-94.55599436,135.2964257,37.82889453,77.80926411,3.257788141,-58.78406744,134.4418565,,,,,,,,,,,0.02176421969,0.01200118219,0.0190772823,0.006862783822,0.03666565556,,,,,,67,68608,11,55,10,90,408,0.24045122,0.00166742
6,2,moderate,none,5,0.1845311203,0.02161860426,0.1871550875,0.1576880777,0.2113741629,-0.1107808602,0.1664077319,-0.1871550875,-0.31740335,0.09584162952,,,,,,,,,,,0.9310940767,0.01311471498,0.9263805075,0.9148100073,0.9473781462,0.1841931123,0.01342429764,0.1900943029,0.1675246452,0.2008615794,0.009866266068,0.008035968478,0.005057721358,-0.0001117066815,0.01984423882,0.03064816196,0.0002062708183,0.03070735669,0.03039204291,0.03090428101,1,1024,11,11,10,10,24,0.0063592,7.64800001e-05
6,2,moderate,rem,5,0.09730863477,0.02535407045,0.08411539795,0.06582739829,0.1287898713,-0.06366247559,0.08609821945,-0.08041947965,-0.170567535,0.0432425838,47.53563778,9.764608307,46.08320612,35.41127519,59.66000037,1.957523631,0.3497931705,1.854709689,1.523198045,2.391849218,0.95276271,0.007870442307,0.9577717808,0.9429902651,0.9625351548,0.1421926452,0.008839830105,0.1438279046,0.1312165464,0.153168744,0.006379631404,0.003092429877,0.005948959244,0.002539872559,0.01021939025,,,,,,65,66560,11,11,10,10,216,0.21300182,0.00117068
6,2,moderate,zne,5,0.08726549528,0.04010597197,0.06303775945,0.03746735376,0.1370636368,-0.0620503915,0.07946545453,-0.06264336878,-0.1607197855,0.0366190025,53.8202701,17.42713161,65.81014932,32.18162819,75.458912,2.403133565,0.7893897167,2.924844596,1.422976774,3.383290357,,,,,,,,,,,0.01064296781,0.008019798718,0.009224505205,0.0006850724697,0.02060086315,0.07040089726,0.0003301338087,0.07043500748,0.069990982,0.07081081253,3,3072,11,55,10,90,216,0.0299179,0.00036128
6,2,moderate,zne_rem,5,0.05907420281,0.04031833925,0.0652630546,0.009012372504,0.1091360331,0.009194628986,0.07669480931,-0.01291322044,-0.08603455458,0.1044238126,66.79031747,22.72494368,56.17804414,38.57357304,95.00706189,6.058717017,5.926022174,2.281961132,-1.299411369,13.4168454,,,,,,,,,,,0.01707623405,0.01508744757,0.01105468153,-0.001657306426,0.03580977452,,,,,,67,68608,11,55,10,90,408,0.23656052,0.0018345
6,4,ideal,none,5,0.02700638287,0.01079761638,0.02358101568,0.01359937135,0.0404133944,0.003274240974,0.03185700232,0.01925457185,-0.0362814519,0.04282993385,,,,,,,,,,,0.9806806069,0.00294986785,0.9817389361,0.9770178622,0.9843433516,0.08513527101,0.01099628012,0.0881524567,0.07148158587,0.09878895614,0.004938079173,0.002541541669,0.004627546627,0.001782338382,0.008093819964,0.02910746953,0.0005181725376,0.02906709204,0.02846407334,0.02975086571,1,1024,19,19,20,20,48,0.00353656,9.433999985e-05
6,4,ideal,rem,5,0.02700638287,0.01079761638,0.02358101568,0.01359937135,0.0404133944,0.003274240974,0.03185700232,0.01925457185,-0.0362814519,0.04282993385,0,0,0,0,0,1,0,1,1,1,0.9806806069,0.00294986785,0.9817389361,0.9770178622,0.9843433516,0.08513527101,0.01099628012,0.0881524567,0.07148158587,0.09878895614,0.004938079173,0.002541541669,0.004627546627,0.001782338382,0.008093819964,,,,,,65,66560,19,19,20,20,240,0.08353864,0.0004577200001
6,4,ideal,zne,5,0.04910428474,0.03116117102,0.03598929682,0.01041258054,0.08779598893,-0.00683318091,0.06266331943,0.03024089998,-0.08463996865,0.07097360683,-83.33461674,72.37496917,-57.05828313,-173.2000103,6.53077685,0.6289379114,0.2789878783,0.6367063106,0.282528707,0.9753471158,,,,,,,,,,,0.009003401669,0.007693346304,0.005054813507,-0.0005491494626,0.0185559528,0.06652405522,0.001322964408,0.06656421384,0.06488137794,0.06816673249,3,3072,19,95,20,180,432,0.02187458,0.0003817399998
6,4,ideal,zne_rem,5,0.04910428474,0.03116117102,0.03598929682,0.01041258054,0.08779598893,-0.00683318091,0.06266331943,0.03024089998,-0.08463996865,0.07097360683,-83.33461674,72.37496917,-57.05828313,-173.2000103,6.53077685,0.6289379114,0.2789878783,0.6367063106,0.282528707,0.9753471158,,,,,,,,,,,0.009003401669,0.007693346304,0.005054813507,-0.0005491494626,0.0185559528,,,,,,67,68608,19,95,20,180,624,0.10187666,0.0007940999999
6,4,low,none,5,0.1127987903,0.02764722749,0.1214309029,0.07847022327,0.1471273573,-0.08696013402,0.08494849567,-0.1214309029,-0.1924376228,0.01851735475,,,,,,,,,,,0.9648095205,0.0030758535,0.9653018557,0.960990344,0.9686286971,0.1221759195,0.00638766064,0.1222309094,0.1142445913,0.1301072477,0.0114032695,0.006042548493,0.01057332816,0.003900454583,0.01890608443,0.03020524802,0.0002680553799,0.03027337597,0.02987241331,0.03053808274,1,1024,19,19,20,20,48,0.00811872,7.319999995e-05
6,4,low,rem,5,0.07983300667,0.02777776123,0.08842588891,0.04534236061,0.1143236527,-0.06749316654,0.05517318914,-0.08842588891,-0.1359997292,0.001013396078,31.30454756,12.76782508,26.09203899,15.45119882,47.1578963,1.506357444,0.3431056375,1.353034215,1.080335527,1.932379362,0.9691310502,0.003222724863,0.9696907935,0.9651295088,0.9731325917,0.1108349475,0.006817246994,0.1107865475,0.1023702174,0.1192996777,0.0113656484,0.00599912057,0.01083302116,0.003916756367,0.01881454043,,,,,,65,66560,19,19,20,20,240,0.21331184,0.00087694
6,4,low,zne,5,0.06938200901,0.05967355801,0.08938800627,-0.004712499606,0.1434765176,-0.06938200901,0.05967355801,-0.08938800627,-0.1434765176,0.004712499606,42.95607313,49.59402538,28.64752834,-18.62304271,104.535189,40.2535113,82.33807975,1.401493146,-61.98271801,142.4897406,,,,,,,,,,,0.01612437541,0.01006740159,0.01730441952,0.003624045299,0.02862470552,0.06942127265,0.0004344282726,0.06936741294,0.0688818587,0.06996068659,3,3072,19,95,20,180,432,0.04648082,0.0003621600002
6,4,low,zne_rem,5,0.06812491024,0.02666484786,0.05893076523,0.03501612864,0.1012336918,-0.04800574574,0.0602625823,-0.05893076523,-0.1228316246,0.02682013314,38.41981241,20.31940526,33.59679883,13.18993844,63.64968638,1.781615998,0.6182257863,1.505951494,1.013987296,2.549244699,,,,,,,,,,,0.01702220586,0.01021689793,0.0197950604,0.004336251535,0.02970816019,,,,,,67,68608,19,95,20,180,624,0.25167394,0.00154774
6,4,moderate,none,5,0.2424862903,0.05487863367,0.2542434029,0.1743454666,0.310627114,-0.178366384,0.1916845246,-0.2542434029,-0.4163741572,0.05964138921,,,,,,,,,,,0.9056011768,0.01371229486,0.90569567,0.8885751139,0.9226272397,0.2360046056,0.02586500914,0.2467837554,0.203888955,0.2681202563,0.0227313945,0.01532633012,0.03227625708,0.003701242175,0.04176154684,0.03100186519,6.414407496e-05,0.03104182283,0.0309222198,0.03108151057,1,1024,19,19,20,20,48,0.00787752,7.559999994e-05
6,4,moderate,rem,5,0.1798668627,0.05773822602,0.1914696759,0.1081753861,0.2515583392,-0.1457805571,0.1311825047,-0.1914696759,-0.3086651504,0.01710403614,27.43496604,11.16302158,24.65206923,13.57424403,41.29568805,1.410759734,0.2663831478,1.32717646,1.080001369,1.741518098,0.9243608762,0.009926011896,0.9292665726,0.9120361045,0.9366856478,0.2030994331,0.02682096329,0.2072250771,0.1697968086,0.2364020576,0.02155058527,0.01378157844,0.02877716564,0.004438495475,0.03866267506,,,,,,65,66560,19,19,20,20,240,0.21180936,0.0011169
6,4,moderate,zne,5,0.1641171497,0.08772705236,0.1954055123,0.05518962709,0.2730446722,-0.1580050559,0.1007823751,-0.1954055123,-0.2831429027,-0.03286720913,36.97094694,30.28889594,26.12739119,-0.6376846934,74.57957857,3.149231844,4.10476546,1.353681718,-1.947507649,8.245971336,,,,,,,,,,,0.0234241801,0.01139019415,0.02123413545,0.009281386094,0.0375669741,0.07099145283,8.879415041e-05,0.07103366001,0.07088120033,0.07110170533,3,3072,19,95,20,180,432,0.04541078,0.0003785000002
6,4,moderate,zne_rem,5,0.1171142482,0.03040129085,0.1107252932,0.07936605985,0.1548624365,-0.1171142482,0.03040129085,-0.1107252932,-0.1548624365,-0.07936605985,49.16246478,19.97605856,58.460399,24.35891203,73.96601752,2.185572588,0.7101842473,2.40734137,1.303762376,3.0673828,,,,,,,,,,,0.02607322833,0.01016503286,0.02747550755,0.01345167299,0.03869478367,,,,,,67,68608,19,95,20,180,624,0.24934262,0.00183924
