n_qubits,depth_layers,noise_level,method,n_seeds,abs_error_mean,abs_error_std,abs_error_median,abs_error_ci95_low,abs_error_ci95_high,signed_error_mean,signed_error_std,signed_error_median,signed_error_ci95_low,signed_error_ci95_high,improvement_pct_mean,improvement_pct_std,improvement_pct_median,improvement_pct_ci95_low,improvement_pct_ci95_high,error_reduction_factor_mean,error_reduction_factor_std,error_reduction_factor_median,error_reduction_factor_ci95_low,error_reduction_factor_ci95_high,hellinger_fidelity_mean,hellinger_fidelity_std,hellinger_fidelity_median,hellinger_fidelity_ci95_low,hellinger_fidelity_ci95_high,tvd_mean,tvd_std,tvd_median,tvd_ci95_low,tvd_ci95_high,P_succ_ratio_mean,P_succ_ratio_std,P_succ_ratio_median,P_succ_ratio_ci95_low,P_succ_ratio_ci95_high,M_abs_error_mean,M_abs_error_std,M_abs_error_median,M_abs_error_ci95_low,M_abs_error_ci95_high,est_std_mean,est_std_std,est_std_median,est_std_ci95_low,est_std_ci95_high,n_circuits,total_shots,base_depth,max_depth,base_cx,total_cx,total_1q,total_gates,time_quantum_s_mean,time_classical_s_mean
2,2,ideal,none,5,0.01803772243,0.02080626705,0.01078886457,-0.007796670303,0.04387211516,-0.01239320579,0.02544819443,-0.0103321882,-0.04399131262,0.01920490105,,,,,,,,,,,0.9990488707,0.0007234515418,0.9989736437,0.9981505869,0.9999471544,0.01967070389,0.01279179488,0.01673453203,0.003787592713,0.03555381507,1.023998989,0.02010032887,1.027384902,0.9990411345,1.048956844,0.02714179395,0.02085013321,0.02792791938,0.001252934184,0.05303065372,0.0209811376,0.005524831641,0.02147188691,0.01412115306,0.02784112215,1,1024,6,6,2,2,8,10,0.00160482,0.0001740640002
2,2,ideal,rem,5,0.01803772243,0.02080626705,0.01078886457,-0.007796670303,0.04387211516,-0.01239320579,0.02544819443,-0.0103321882,-0.04399131262,0.01920490105,0,0,0,0,0,1,0,1,1,1,0.9990488707,0.0007234515418,0.9989736437,0.9981505869,0.9999471544,0.01967070389,0.01279179488,0.01673453203,0.003787592713,0.03555381507,1.023998989,0.02010032887,1.027384902,0.9990411345,1.048956844,0.02714179395,0.02085013321,0.02792791938,0.001252934184,0.05303065372,,,,,,5,5120,6,6,2,2,12,14,0.00639574,0.0001740640002
2,2,ideal,rem_tensored,5,0.01803772243,0.02080626705,0.01078886457,-0.007796670303,0.04387211516,-0.01239320579,0.02544819443,-0.0103321882,-0.04399131262,0.01920490105,0,0,0,0,0,1,0,1,1,1,0.9990488707,0.0007234515418,0.9989736437,0.9981505869,0.9999471544,0.01967070389,0.01279179488,0.01673453203,0.003787592713,0.03555381507,1.023998989,0.02010032887,1.027384902,0.9990411345,1.048956844,0.02714179395,0.02085013321,0.02792791938,0.001252934184,0.05303065372,,,,,,3,3072,6,6,2,2,10,12,0.004088679999,0.0001740640002
2,2,ideal,zne,5,0.05793030055,0.06576279663,0.02250761457,-0.02372499644,0.1395855975,-0.02953187766,0.08619443326,-0.01518016306,-0.1365564023,0.07749264697,-521.2330587,759.4971517,-209.5322059,-1464.273329,421.8072113,0.3662745381,0.2794889826,0.3230681592,0.01924313055,0.7133059457,,,,,,,,,,,1.049935169,0.04634596515,1.031262715,0.9923890528,1.107481286,0.04873899402,0.04333912467,0.02756170844,-0.005073636806,0.1025516248,0.0483389132,0.01283061891,0.04901383786,0.03240759563,0.06427023077,3,3072,6,30,2,18,72,90,0.0058793,0.0001740640002
2,2,ideal,zne_rem,5,0.05793030055,0.06576279663,0.02250761457,-0.02372499644,0.1395855975,-0.02953187766,0.08619443326,-0.01518016306,-0.1365564023,0.07749264697,-521.2330587,759.4971517,-209.5322059,-1464.273329,421.8072113,0.3662745381,0.2794889826,0.3230681592,0.01924313055,0.7133059457,,,,,,,,,,,1.049935169,0.04634596515,1.031262715,0.9923890528,1.107481286,0.04873899402,0.04333912467,0.02756170844,-0.005073636806,0.1025516248,,,,,,7,7168,6,30,2,18,76,94,0.01067022,0.0001740640002
2,2,low,none,5,0.04361941987,0.02765660811,0.0463084368,0.009279205272,0.07795963448,-0.001455705786,0.05604066702,-0.001513708388,-0.07103938447,0.06812797289,,,,,,,,,,,0.9971837563,0.001528712659,0.997136873,0.9952856088,0.9990819038,0.02789096698,0.008261762982,0.03056617834,0.01763263332,0.03814930063,0.9684383511,0.01309503109,0.9668188547,0.9521787225,0.9846979798,0.01180742885,0.01139065719,0.01088737092,-0.002335940098,0.0259507978,0.0228490243,0.00493789966,0.02368510113,0.01671781206,0.02898023653,1,1024,6,6,2,2,8,10,0.003041419999,0.0001768359999
2,2,low,rem,5,0.02462086806,0.02015312409,0.02352451772,-0.0004025405703,0.04964427669,0.003540285389,0.03388532595,0.008840034087,-0.03853390391,0.04561447468,-54.4518019,241.4049748,35.63826437,-354.1956681,245.2920643,4.697961055,7.643562184,1.5537182,-4.792774927,14.18869704,0.9989330572,0.0005079989209,0.9987420316,0.9983022932,0.9995638212,0.01853646954,0.004520286653,0.01875078872,0.01292379234,0.02414914673,0.9845220362,0.01062282852,0.9796450627,0.9713320524,0.9977120199,0.01195841378,0.009726023647,0.0115641498,-0.0001180396263,0.02403486719,,,,,,5,5120,6,6,2,2,12,14,0.01071856,0.0001768359999
2,2,low,rem_tensored,5,0.02165643293,0.01774581314,0.01617923229,-0.0003779043626,0.04369077022,0.002899394911,0.02984387926,0.009489280984,-0.03415667553,0.03995546535,-143.1989305,462.0902506,45.37878951,-716.9597585,430.5618976,3.784533024,4.146333745,1.830790623,-1.363820312,8.93288636,0.9991470119,0.0006052035084,0.9992106874,0.9983955525,0.9998984713,0.01606427678,0.005695309518,0.01447785742,0.008992615989,0.02313593756,0.9881560011,0.01284196501,0.9848940502,0.9722105955,1.004101407,0.01356539562,0.01157036496,0.008254800595,-0.0008011099981,0.02793190123,,,,,,3,3072,6,6,2,2,10,12,0.007309679998,0.0001768359999
2,2,low,zne,5,0.04267213964,0.02816439839,0.0393533177,0.007701420126,0.07764285916,-0.004336565161,0.05518936009,0.001171838487,-0.07286320667,0.06419007635,4.684019782,22.60538153,-4.232074629,-23.38426863,32.75230819,1.103167587,0.2873611445,0.9593975785,0.7463615992,1.459973574,,,,,,,,,,,0.9522206568,0.02938208861,0.9541778281,0.9157379752,0.9887033385,0.02855592786,0.01876777865,0.01645342924,0.005252652785,0.05185920294,0.05264997154,0.01106177545,0.05435116354,0.03891496321,0.06638497987,3,3072,6,30,2,18,72,90,0.01008652,0.0001768359999
2,2,low,zne_rem,5,0.0242702589,0.01971495657,0.01704880282,-0.000209092901,0.0487496107,0.0004156809644,0.03353759619,0.01162658735,-0.04122674481,0.04205810674,-91.07084296,323.5757878,28.65347705,-492.8432494,310.7015635,2.646043022,2.638487457,1.401609999,-0.6300718624,5.922157907,,,,,,,,,,,0.967982844,0.02668074148,0.9701286246,0.9348543278,1.00111136,0.02531601074,0.01735579137,0.02419019112,0.003765949439,0.04686607204,,,,,,7,7168,6,30,2,18,76,94,0.01776366,0.0001768359999
2,2,moderate,none,5,0.1229162949,0.04323826309,0.1182107396,0.06922890026,0.1766036895,0.005966169202,0.1439116842,-0.06010745839,-0.172723788,0.1846561264,,,,,,,,,,,0.9797922012,0.01320290385,0.9737832427,0.9633986308,0.9961857716,0.07886752947,0.02998615393,0.06526836547,0.04163480169,0.1161002573,0.8938667938,0.0297400919,0.8863034214,0.8569395924,0.9307939953,0.0348159486,0.03284341881,0.01699395562,-0.005964542115,0.07559643932,0.02511018135,0.003481112824,0.02468326919,0.02078780888,0.02943255382,1,1024,6,6,2,2,8,10,0.002870080001,0.0001629479999
2,2,moderate,rem,5,0.04399777397,0.04401596155,0.01616656937,-0.01065526083,0.09865080877,0.02954424306,0.05714964691,-0.005765255978,-0.04141641602,0.1005049021,68.00280118,25.58537128,73.10388792,36.23436678,99.77123558,7.155899852,7.890559134,3.718009492,-2.64152335,16.95332305,0.9917206086,0.007166602454,0.990588605,0.9828220963,1.000619121,0.04665225679,0.02911503016,0.05244619223,0.01050117203,0.08280334155,0.946047345,0.03629080355,0.947816799,0.9009863608,0.9911083292,0.02995670499,0.01990416686,0.02802808797,0.005242417587,0.05467099239,,,,,,5,5120,6,6,2,2,12,14,0.01040684,0.0001629479999
2,2,moderate,rem_tensored,5,0.04206016265,0.034179982,0.02245998589,-0.000379890462,0.08450021575,0.02049480033,0.05342795824,-0.01284930835,-0.04584477191,0.08683437256,69.34555893,16.2927109,78.62277212,49.11548637,89.57563149,4.04479651,1.871511569,4.677875007,1.721007972,6.368585048,0.9923447601,0.006011767301,0.9896225307,0.984880165,0.9998093551,0.04552192843,0.02403595166,0.05387061446,0.0156773526,0.07536650427,0.9449365061,0.03179112391,0.9321746825,0.9054626121,0.9844104001,0.02821543174,0.02647546953,0.02214022517,-0.004658205612,0.0610890691,,,,,,3,3072,6,6,2,2,10,12,0.006997700001,0.0001629479999
2,2,moderate,zne,5,0.05144469946,0.04444702575,0.02973847918,-0.003743572243,0.1066329712,0.0404876536,0.05687417567,0.02973847918,-0.03013096275,0.11110627,60.74093802,25.4863734,54.42726182,29.09542573,92.38645032,9.789274539,16.64650985,2.194294308,-10.88009744,30.45864652,,,,,,,,,,,0.9337028445,0.03489521038,0.9294500338,0.890374718,0.9770309709,0.03874661267,0.041269499,0.02266909483,-0.01249623846,0.0899894638,0.05947731962,0.006562100722,0.0585834052,0.0513293954,0.06762524384,3,3072,6,30,2,18,72,90,0.00971372,0.0001629479999
2,2,moderate,zne_rem,5,0.0688872649,0.06859618161,0.03780161149,-0.01628614422,0.154060674,0.0688872649,0.06859618161,0.03780161149,-0.01628614422,0.154060674,38.88883314,57.25929939,64.63387698,-32.20797748,109.9856438,11.94116303,22.07370636,2.827564671,-15.46696346,39.34928952,,,,,,,,,,,0.9910847754,0.03924022874,0.9918223643,0.9423615961,1.039807955,0.04522273615,0.02612903303,0.03746409604,0.01277925654,0.07766621577,,,,,,7,7168,6,30,2,18,76,94,0.01725048,0.0001629479999
2,2,high,none,5,0.2510412949,0.07389139263,0.2761664912,0.1592930129,0.3427895769,-0.0362213308,0.2873971495,-0.1343262084,-0.3930720246,0.320629363,,,,,,,,,,,0.9451796124,0.02834650886,0.9272185266,0.9099827729,0.9803764519,0.1592476689,0.03636448409,0.1538319323,0.1140951982,0.2044001396,0.8104849097,0.03880571505,0.8148054793,0.7623012504,0.858668569,0.05061225147,0.06484408161,0.03139229865,-0.02990231016,0.1311268131,0.02780502187,0.001835606285,0.02788865871,0.02552581563,0.03008422811,1,1024,6,6,2,2,8,10,0.002764799999,0.0002028760002
2,2,high,rem,5,0.1464384957,0.03709850563,0.152101898,0.1003746168,0.1925023745,-0.02437178258,0.1656475495,-0.09237488749,-0.2300503812,0.181306816,40.62340695,5.466421164,42.96788306,33.83594859,47.41086531,1.694626686,0.142225503,1.753398004,1.518030399,1.871222973,0.9720187393,0.01637330509,0.9674462043,0.9516885958,0.9923488827,0.1045030195,0.02771309961,0.09127445503,0.07009266143,0.1389133776,0.8788403432,0.0467403359,0.8603457801,0.8208045508,0.9368761356,0.04371381961,0.04698397789,0.02480732139,-0.01462449423,0.1020521335,,,,,,5,5120,6,6,2,2,12,14,0.0138099,0.0002028760002
2,2,high,rem_tensored,5,0.1486496864,0.03968135067,0.1658164822,0.09937878185,0.1979205909,-0.02548886274,0.1684737918,-0.09174790599,-0.2346767046,0.1836989791,39.98024963,5.031078807,40.86707867,33.7333402,46.22715905,1.674968028,0.1322921108,1.691105356,1.510705677,1.839230379,0.9724970832,0.0153392966,0.9654292134,0.9534508309,0.9915433356,0.1053208631,0.02637006987,0.08889099228,0.07257809675,0.1380636295,0.8753710841,0.04033836531,0.8571521046,0.8252843881,0.9254577801,0.03987183935,0.05239243687,0.01931147145,-0.02518196329,0.104925642,,,,,,3,3072,6,6,2,2,10,12,0.007076459999,0.0002028760002
2,2,high,zne,5,0.1311194199,0.07183512624,0.1199197239,0.04192432979,0.2203145099,-0.03221742452,0.159226914,-0.05473636464,-0.2299237512,0.1654889021,49.33379971,20.29060088,59.25116528,24.1396911,74.52790833,2.18284402,0.6699836932,2.454057906,1.350949388,3.014738651,,,,,,,,,,,0.9254768889,0.03356900281,0.9102355692,0.8837954667,0.9671583112,0.04785931227,0.0422558024,0.04337094423,-0.004608196287,0.1003268208,0.06535586341,0.003112079643,0.06498635769,0.06149170616,0.06922002066,3,3072,6,30,2,18,72,90,0.009995539999,0.0002028760002
2,2,high,zne_rem,5,0.0420966138,0.03887440623,0.05054575291,-0.00617233686,0.09036556447,-0.01918969241,0.0571495425,-0.002132155663,-0.09015022185,0.05177083703,83.74064608,13.99019062,83.57111161,66.36953006,101.1117621,35.87239545,62.11097661,6.086839088,-41.2485681,112.993359,,,,,,,,,,,1.013885144,0.04757421277,1.00857255,0.9548139572,1.072956332,0.05930446746,0.04195593916,0.05356938992,0.007209288292,0.1113996466,,,,,,7,7168,6,30,2,18,76,94,0.02104064,0.0002028760002
2,4,ideal,none,5,0.02578010996,0.0206084079,0.02331081011,0.0001913918123,0.05136882811,-0.01165607315,0.03294911246,0.005133917218,-0.05256779986,0.02925565357,,,,,,,,,,,0.9993086844,0.000447185176,0.9995140947,0.9987534307,0.9998639382,0.0189134383,0.01087773153,0.02070341567,0.005406950676,0.03241992593,0.9859673264,0.03495702363,0.996850346,0.9425624487,1.029372204,0.01830792741,0.01434940173,0.01205980347,0.0004907918838,0.03612506294,0.02643570501,0.00277275434,0.02713340508,0.02299287577,0.02987853425,1,1024,12,12,4,4,16,20,0.001770059999,0.000142272
2,4,ideal,rem,5,0.02578010996,0.0206084079,0.02331081011,0.0001913918123,0.05136882811,-0.01165607315,0.03294911246,0.005133917218,-0.05256779986,0.02925565357,0,0,0,0,0,1,0,1,1,1,0.9993086844,0.000447185176,0.9995140947,0.9987534307,0.9998639382,0.0189134383,0.01087773153,0.02070341567,0.005406950676,0.03241992593,0.9859673264,0.03495702363,0.996850346,0.9425624487,1.029372204,0.01830792741,0.01434940173,0.01205980347,0.0004907918838,0.03612506294,,,,,,5,5120,12,12,4,4,20,24,0.006599399999,0.000142272
2,4,ideal,rem_tensored,5,0.02578010996,0.0206084079,0.02331081011,0.0001913918123,0.05136882811,-0.01165607315,0.03294911246,0.005133917218,-0.05256779986,0.02925565357,0,0,0,0,0,1,0,1,1,1,0.9993086844,0.000447185176,0.9995140947,0.9987534307,0.9998639382,0.0189134383,0.01087773153,0.02070341567,0.005406950676,0.03241992593,0.9859673264,0.03495702363,0.996850346,0.9425624487,1.029372204,0.01830792741,0.01434940173,0.01205980347,0.0004907918838,0.03612506294,,,,,,3,3072,12,12,4,4,18,22,0.00429712,0.000142272
2,4,ideal,zne,5,0.05325578781,0.04094982217,0.07501890209,0.002409867892,0.1041017077,-0.01883380752,0.06912829539,-0.01413072903,-0.1046679232,0.06700030812,-99.47376452,109.3719838,-102.2199854,-235.2770193,36.32949022,0.6654239514,0.4368917094,0.4945109644,0.1229512448,1.207896658,,,,,,,,,,,0.9519618624,0.08070381173,0.9937793534,0.8517548449,1.05216888,0.04816632585,0.03352056951,0.03520005267,0.006545041489,0.08978761021,0.06032077193,0.005997610626,0.06130413629,0.05287375474,0.06776778912,3,3072,12,60,4,36,144,180,0.007224879999,0.000142272
2,4,ideal,zne_rem,5,0.05325578781,0.04094982217,0.07501890209,0.002409867892,0.1041017077,-0.01883380752,0.06912829539,-0.01413072903,-0.1046679232,0.06700030812,-99.47376452,109.3719838,-102.2199854,-235.2770193,36.32949022,0.6654239514,0.4368917094,0.4945109644,0.1229512448,1.207896658,,,,,,,,,,,0.9519618624,0.08070381173,0.9937793534,0.8517548449,1.05216888,0.04816632585,0.03352056951,0.03520005267,0.006545041489,0.08978761021,,,,,,7,7168,12,60,4,36,148,184,0.01205422,0.000142272
2,4,low,none,5,0.04108226349,0.02347177917,0.04983411472,0.01193820032,0.07022632665,0.003187676857,0.05145787869,0.005732685114,-0.06070571854,0.06708107225,,,,,,,,,,,0.9982316131,0.001046152519,0.998602966,0.9969326431,0.999530583,0.0286243332,0.01024281526,0.02755402552,0.01590619825,0.04134246814,0.9594539641,0.02947402401,0.9709322431,0.9228571296,0.9960507986,0.02340748514,0.02002341081,0.01863295514,-0.001454863181,0.04826983346,0.02706466133,0.001939164528,0.02750614174,0.02465687055,0.02947245211,1,1024,12,12,4,4,16,20,0.00292434,0.0001538719998
2,4,low,rem,5,0.02748569341,0.01254204736,0.03410766501,0.01191268473,0.04305870208,-0.007448475842,0.0321291517,-0.01206164675,-0.0473420868,0.03244513512,3.183646816,70.75009574,38.10765511,-84.66419993,91.03149357,1.536254625,1.014577899,1.615708698,0.2764897739,2.796019476,0.9989310221,0.0008768383486,0.9992497576,0.9978422835,1.000019761,0.02113864514,0.009153841536,0.0181022665,0.00977264966,0.03250464062,0.974120922,0.0268263645,0.9849605836,0.940811591,1.007430253,0.02093835262,0.01949931074,0.01468898684,-0.003273239513,0.04514994475,,,,,,5,5120,12,12,4,4,20,24,0.01036574,0.0001538719998
2,4,low,rem_tensored,5,0.03309382297,0.01602407494,0.03127995722,0.01319730602,0.05299033993,-0.009087687189,0.03901973607,-0.009692394753,-0.05753708869,0.03936171431,-4.51903787,59.54449172,30.88239306,-78.45328953,69.41521379,1.224516128,0.5923272113,1.446809351,0.4890447543,1.959987501,0.9987495822,0.001147043032,0.9992495124,0.9973253401,1.000173824,0.02226330969,0.009325556474,0.0207929916,0.01068410195,0.03384251743,0.9758887941,0.02993548446,0.9867843493,0.9387189808,1.013058607,0.02086293378,0.01697973437,0.01547684914,-0.0002201910858,0.04194605865,,,,,,3,3072,12,12,4,4,18,22,0.0076525,0.0001538719998
2,4,low,zne,5,0.07345715819,0.02329874059,0.06238254926,0.04452795079,0.1023863656,-0.01360919814,0.08400155405,-0.04884499317,-0.1179109036,0.09069250732,-260.3045728,420.4895106,-59.80792962,-782.4112597,261.8021142,0.6268425175,0.4810704394,0.6257511767,0.02951467237,1.224170363,,,,,,,,,,,0.9482590925,0.06670454005,0.9538454437,0.8654344666,1.031083718,0.04083912576,0.03423834184,0.05098158795,-0.001673390663,0.08335164219,0.06225966234,0.004532117607,0.06302349775,0.05663229507,0.06788702961,3,3072,12,60,4,36,144,180,0.01111898,0.0001538719998
2,4,low,zne_rem,5,0.06372781731,0.03840127327,0.06893416208,0.0160463388,0.1114092958,-0.02468417744,0.07608919367,-0.02304672248,-0.1191613899,0.06979303499,-310.2879542,597.8114124,-25.08909458,-1052.568863,431.9929543,1.135138862,1.137366069,0.7994302008,-0.2770876387,2.547365363,,,,,,,,,,,0.9627052013,0.0636822592,0.9683047803,0.8836332327,1.04177717,0.03870618452,0.03471995591,0.04804405233,-0.004404334749,0.08181670379,,,,,,7,7168,12,60,4,36,148,184,0.01856038,0.0001538719998
2,4,moderate,none,5,0.1321983304,0.03063214226,0.1209670601,0.09416350213,0.1702331586,0.08443767684,0.1177780741,0.1209670601,-0.06180311755,0.2306784712,,,,,,,,,,,0.9883612411,0.005024723398,0.9890186178,0.982122223,0.9946002592,0.07310770096,0.01218943558,0.07638215052,0.05797251764,0.08824288427,0.8746233657,0.01509416799,0.8744420823,0.8558814807,0.8933652507,0.02621227378,0.02197758953,0.03182066939,-0.001076507907,0.05350105546,0.02866613178,0.001373866513,0.0283894189,0.02696025119,0.03037201237,1,1024,12,12,4,4,16,20,0.00299984,0.000155376
2,4,moderate,rem,5,0.07288889684,0.02584332564,0.08969237663,0.0408001698,0.1049776239,0.05315682335,0.06145572998,0.08969237663,-0.02315054404,0.1294641907,45.60800288,13.54319156,45.86653462,28.7919095,62.42409626,1.928108998,0.4564238965,1.847286134,1.361383878,2.494834118,0.9948833842,0.002987627958,0.9953385001,0.9911737541,0.9985930142,0.04535949928,0.007933499418,0.04679323536,0.03550875868,0.05521023989,0.9205316415,0.02281859705,0.9145431808,0.892198611,0.9488646719,0.01293891158,0.009490260439,0.00998404793,0.001155196857,0.0247226263,,,,,,5,5120,12,12,4,4,20,24,0.01079382,0.000155376
2,4,moderate,rem_tensored,5,0.07776682711,0.01757812989,0.08497030037,0.05594069607,0.09959295816,0.05649712482,0.06227907761,0.08497030037,-0.02083256368,0.1338268133,40.41015908,10.77373171,40.00628315,27.03280429,53.78751387,1.726735179,0.339042517,1.666841217,1.305758292,2.147712067,0.9943940453,0.004233512263,0.9957780739,0.9891374455,0.999650645,0.04728558445,0.01159427005,0.04665593111,0.03288939674,0.06168177216,0.9152663866,0.02003665117,0.9066561092,0.8903875982,0.940145175,0.01563914023,0.01330635689,0.01582461641,-0.0008828840773,0.03216116453,,,,,,3,3072,12,12,4,4,18,22,0.007590340001,0.000155376
2,4,moderate,zne,5,0.03658611436,0.02464311892,0.04224329222,0.005987640787,0.06718458793,0.03658611436,0.02464311892,0.04224329222,0.005987640787,0.06718458793,72.67340354,17.35031171,69.9033535,51.13014613,94.21666095,5.965337687,4.783771694,3.322629317,0.02550059908,11.90517477,,,,,,,,,,,0.9934801503,0.0482092025,0.9839597685,0.9336205192,1.053339781,0.02264880647,0.02266235857,0.01231894044,-0.005490228271,0.05078784122,0.066704435,0.002503344492,0.06621253768,0.06359612227,0.06981274773,3,3072,12,60,4,36,144,180,0.01120702,0.000155376
2,4,moderate,zne_rem,5,0.04300533497,0.03630746768,0.0384601013,-0.002076340507,0.08808701045,-0.001952145534,0.06021039914,-0.02077436588,-0.07671323046,0.07280893939,65.79807452,30.53696665,74.09395841,27.88142242,103.7147266,6.197266308,6.854269421,3.86010343,-2.313433265,14.70796588,,,,,,,,,,,1.051481207,0.05649507268,1.038591482,0.9813333087,1.121629104,0.02872358787,0.04064202252,0.009518630794,-0.02174014831,0.07918732404,,,,,,7,7168,12,60,4,36,148,184,0.019001,0.000155376
2,4,high,none,5,0.2954795804,0.07272428324,0.3088547588,0.2051804561,0.3857787046,0.1719376768,0.2783358466,0.2830764351,-0.1736619233,0.5175372769,,,,,,,,,,,0.9470681663,0.01839478681,0.9495815429,0.9242280217,0.9699083108,0.1746319191,0.02064016064,0.1850220179,0.1490037747,0.2002600635,0.716767454,0.03343741151,0.7186996088,0.675249424,0.7582854841,0.09652477379,0.07226273539,0.08657300903,0.006798736845,0.1862508107,0.03038793806,0.0005395283696,0.03040874147,0.02971802511,0.03105785101,1,1024,12,12,4,4,16,20,0.0028821,0.000147628
2,4,high,rem,5,0.2387978858,0.05965194058,0.2609357071,0.1647302188,0.3128655529,0.134423603,0.22858644,0.2607695577,-0.1494039501,0.4182511561,19.14300411,9.043992169,18.21519573,7.913404635,30.37260359,1.249058622,0.1380531558,1.222721029,1.077642988,1.420474255,0.9608979109,0.01599283388,0.9675317249,0.9410401848,0.980755637,0.1458362587,0.01735538629,0.1375448868,0.1242867004,0.167385817,0.7638623972,0.03934530737,0.7650166555,0.7150087455,0.8127160488,0.08941845824,0.05913714385,0.06812930747,0.01598999577,0.1628469207,,,,,,5,5120,12,12,4,4,20,24,0.0105301,0.000147628
2,4,high,rem_tensored,5,0.239576907,0.06053695689,0.2568590863,0.164410347,0.3147434669,0.1398946614,0.2257165163,0.2568590863,-0.1403694106,0.4201587335,19.09336237,5.798635743,21.12274741,11.89340513,26.29331961,1.240762357,0.08329501281,1.267792636,1.137337939,1.344186776,0.9599887854,0.01787729929,0.9631177682,0.9377911865,0.9821863843,0.147542053,0.01825209625,0.1459807401,0.1248790822,0.1702050238,0.759576918,0.03196847061,0.7704686157,0.719882819,0.799271017,0.08612405773,0.06042621646,0.06616185093,0.0110950002,0.1611531153,,,,,,3,3072,12,12,4,4,18,22,0.00709984,0.000147628
2,4,high,zne,5,0.2085166897,0.03282703916,0.2180344463,0.1677565371,0.2492768424,0.1213029112,0.1924412418,0.2173145835,-0.1176444505,0.3602502729,27.57408098,10.46985979,29.40550855,14.57403301,40.57412895,1.404743983,0.2089149086,1.41654112,1.145341862,1.664146103,,,,,,,,,,,0.8225248163,0.06661839535,0.8089565382,0.7398071532,0.9052424794,0.07203746909,0.06576033104,0.05562438032,-0.009614766477,0.1536897047,0.06995579821,0.0008549251771,0.06998943576,0.06889426839,0.07101732802,3,3072,12,60,4,36,144,180,0.01152578,0.000147628
2,4,high,zne_rem,5,0.1290174896,0.05184571722,0.1356491872,0.06464252912,0.1933924502,0.07031058705,0.1315879777,0.0967482037,-0.09307746745,0.2336986416,53.90528527,19.63534849,52.48016993,29.52477995,78.28579058,2.712377546,1.726744932,2.10438463,0.5683405304,4.856414562,,,,,,,,,,,0.8885373667,0.07944780737,0.8696651624,0.7898898846,0.9871848489,0.06225939024,0.05710882239,0.05905330101,-0.008650578505,0.133169359,,,,,,7,7168,12,60,4,36,148,184,0.01917378,0.000147628
4,2,ideal,none,5,0.01574498204,0.01067852399,0.01335742349,0.002485843245,0.02900412084,-0.004208111652,0.02004435567,-0.00817065424,-0.02909646646,0.02068024315,,,,,,,,,,,0.9964759654,0.001246233295,0.9962834039,0.9949285624,0.9980233684,0.03569303026,0.01206286893,0.03645838473,0.0207150002,0.05067106033,0.9808689624,0.05345602156,0.9972456892,0.9144945449,1.04724338,0.01072940541,0.01348601592,0.0053870773,-0.006015695035,0.02747450586,0.02576595738,0.003386107529,0.02414702284,0.02156154956,0.02997036519,1,1024,9,9,6,6,16,22,0.001878580001,0.0001800079999
4,2,ideal,rem,5,0.01574498204,0.01067852399,0.01335742349,0.002485843245,0.02900412084,-0.004208111652,0.02004435567,-0.00817065424,-0.02909646646,0.02068024315,0,0,0,0,0,1,0,1,1,1,0.9964759654,0.001246233295,0.9962834039,0.9949285624,0.9980233684,0.03569303026,0.01206286893,0.03645838473,0.0207150002,0.05067106033,0.9808689624,0.05345602156,0.9972456892,0.9144945449,1.04724338,0.01072940541,0.01348601592,0.0053870773,-0.006015695035,0.02747450586,,,,,,17,17408,9,9,6,6,48,54,0.02096122,0.0001800079999
4,2,ideal,rem_tensored,5,0.01574498204,0.01067852399,0.01335742349,0.002485843245,0.02900412084,-0.004208111652,0.02004435567,-0.00817065424,-0.02909646646,0.02068024315,0,0,0,0,0,1,0,1,1,1,0.9964759654,0.001246233295,0.9962834039,0.9949285624,0.9980233684,0.03569303026,0.01206286893,0.03645838473,0.0207150002,0.05067106033,0.9808689624,0.05345602156,0.9972456892,0.9144945449,1.04724338,0.01072940541,0.01348601592,0.0053870773,-0.006015695035,0.02747450586,,,,,,3,3072,9,9,6,6,20,26,0.004545520002,0.0001800079999
4,2,ideal,zne,5,0.05051060704,0.01578647784,0.05705859536,0.03090910585,0.07011210823,-0.0253995179,0.051302488,-0.03428815243,-0.08909997027,0.03830093446,-344.5633259,274.4272068,-301.7898249,-685.3097087,-3.816943094,0.2854292068,0.135105689,0.2488863426,0.1176733368,0.4531850768,,,,,,,,,,,0.9128911258,0.09051673517,0.880275269,0.8004997545,1.025282497,0.0259251536,0.01979307695,0.01472545621,0.001348802533,0.05050150467,0.05856547987,0.007538914915,0.05471553414,0.04920468063,0.0679262791,3,3072,9,45,6,54,144,198,0.007896880001,0.0001800079999
4,2,ideal,zne_rem,5,0.05051060704,0.01578647784,0.05705859536,0.03090910585,0.07011210823,-0.0253995179,0.051302488,-0.03428815243,-0.08909997027,0.03830093446,-344.5633259,274.4272068,-301.7898249,-685.3097087,-3.816943094,0.2854292068,0.135105689,0.2488863426,0.1176733368,0.4531850768,,,,,,,,,,,0.9128911258,0.09051673517,0.880275269,0.8004997545,1.025282497,0.0259251536,0.01979307695,0.01472545621,0.001348802533,0.05050150467,,,,,,19,19456,9,45,6,54,176,230,0.02697952,0.0001800079999
4,2,low,none,5,0.08708609535,0.03193092025,0.07390429849,0.04743862125,0.1267335695,-0.01006748664,0.1018473162,-0.0643174493,-0.1365276325,0.1163926592,,,,,,,,,,,0.9888772282,0.004005805243,0.9886535632,0.9839033641,0.9938510924,0.06977091656,0.01325299507,0.07257575317,0.05331514971,0.08622668341,0.9316393791,0.05958416796,0.9048770692,0.8576558629,1.005622895,0.02060225982,0.009834998291,0.02558814363,0.008390496515,0.03281402312,0.02722578082,0.002595483157,0.02571188815,0.02400306282,0.03044849881,1,1024,9,9,6,6,16,22,0.00407004,0.0001818760001
4,2,low,rem,5,0.04527734465,0.03462629247,0.04551692895,0.002283123897,0.08827156541,-0.01405096226,0.05928524798,-0.02237416886,-0.0876633203,0.05956139579,53.65340175,29.41579981,41.91843984,17.12886215,90.17794135,22.25713232,45.56267528,1.721716836,-34.31640123,78.83066588,0.9924202199,0.002365934175,0.9924309403,0.9894825246,0.9953579151,0.05657449425,0.007009014533,0.05637366139,0.04787165324,0.06527733525,0.9702779126,0.06214510559,0.9326763424,0.8931145723,1.047441253,0.02123128332,0.007142933167,0.02347569613,0.01236216037,0.03010040628,,,,,,17,17408,9,9,6,6,48,54,0.04277052,0.0001818760001
4,2,low,rem_tensored,5,0.04974008255,0.0346647268,0.0479074882,0.006698139268,0.09278202583,-0.01267997483,0.06397859679,-0.020699014,-0.09211989512,0.06675994546,47.98186481,26.17521856,39.15068779,15.48103828,80.48269135,2.56832845,1.71932419,1.643403949,0.4335055028,4.703151398,0.9911403828,0.003539039594,0.990861278,0.9867460848,0.9955346809,0.05852864028,0.007880286524,0.05838435621,0.04874397221,0.06831330836,0.9643859284,0.06145892726,0.9341763038,0.8880745911,1.040697266,0.02236122868,0.007642103393,0.02124689516,0.01287230403,0.03185015334,,,,,,3,3072,9,9,6,6,20,26,0.00970036,0.0001818760001
4,2,low,zne,5,0.08967398597,0.08612320405,0.05730273599,-0.01726209591,0.1966100678,0.01517665397,0.13107659,-0.0213486993,-0.1475764288,0.1779297368,12.32593981,54.06947418,22.46359527,-54.81017969,79.4620593,1.551721713,0.9493651769,1.289716751,0.3729291513,2.730514274,,,,,,,,,,,0.9157862585,0.110668759,0.8875009482,0.7783728448,1.053199672,0.03113692779,0.01237999141,0.02852892124,0.01576513815,0.04650871742,0.06230928182,0.00580344405,0.05905076453,0.05510335428,0.06951520936,3,3072,9,45,6,54,144,198,0.01486924,0.0001818760001
4,2,low,zne_rem,5,0.07005809006,0.06778909677,0.03125870452,-0.01411319087,0.154229371,0.01310654972,0.102546597,-0.02845834761,-0.114221868,0.1404349674,30.87090011,41.24905391,46.23458071,-20.34656509,82.08836532,1.820266387,0.8334209766,1.859931557,0.7854375649,2.855095209,,,,,,,,,,,0.9531662002,0.1156615151,0.9274369131,0.8095534609,1.096778939,0.03203700662,0.01672411619,0.02235900433,0.01127127365,0.0528027396,,,,,,19,19456,9,45,6,54,176,230,0.05356972,0.0001818760001
4,2,moderate,none,5,0.1988048454,0.06783197653,0.226107801,0.1145803222,0.2830293685,-0.00303623664,0.2323657931,-0.1163809572,-0.2915564763,0.2854840031,,,,,,,,,,,0.9556475172,0.02308298215,0.9477829109,0.9269862093,0.9843088251,0.1373739567,0.02900434446,0.1363652257,0.1013603064,0.173387607,0.7942311386,0.06381281051,0.7929836682,0.7149970691,0.873465208,0.03703089426,0.03246119628,0.03560035358,-0.003275004509,0.07733679302,0.02913369917,0.00116844157,0.02876718422,0.02768288734,0.030584511,1,1024,9,9,6,6,16,22,0.00379474,0.0001858799998
4,2,moderate,rem,5,0.1056017008,0.03893634743,0.09153374867,0.05725584,0.1539475616,-0.01489693627,0.123200202,-0.06835544037,-0.1678701917,0.1380763192,46.14206502,9.928502535,48.64370825,33.81420087,58.46992918,1.911027665,0.3720836798,1.947181087,1.449024756,2.373030575,0.9782216082,0.01379652235,0.9752158669,0.9610909631,0.9953522533,0.08745682118,0.02572686696,0.09017368486,0.05551269669,0.1194009457,0.8805715455,0.07054786537,0.8784799639,0.7929748009,0.9681682901,0.02818133956,0.03038342999,0.01158560335,-0.009544671599,0.06590735071,,,,,,17,17408,9,9,6,6,48,54,0.0428766,0.0001858799998
4,2,moderate,rem_tensored,5,0.08326696136,0.02989377446,0.07093948519,0.04614893785,0.1203849849,-0.01007890704,0.09712564471,-0.0563819926,-0.1306763234,0.1105185093,57.54956319,6.717262327,57.22788757,49.20898039,65.89014599,2.412473748,0.4514435404,2.337971971,1.851932557,2.973014939,0.9798524713,0.01370158467,0.9754424928,0.9628397069,0.9968652357,0.07997824334,0.0248164928,0.0898793591,0.04916449766,0.110791989,0.8969171904,0.0666546265,0.9146032444,0.8141545404,0.9796798405,0.02570059362,0.02822606218,0.01494382689,-0.009346691605,0.06074787884,,,,,,3,3072,9,9,6,6,20,26,0.009511879999,0.0001858799998
4,2,moderate,zne,5,0.1492442985,0.06442548029,0.1332266603,0.06924949903,0.2292390979,-0.004061627268,0.1788081298,-0.06072070474,-0.2260812446,0.2179579901,23.94330191,26.97767125,24.81956678,-9.553901246,57.44050506,1.46005746,0.5343464411,1.33013333,0.7965787219,2.123536199,,,,,,,,,,,0.8737936136,0.0855797274,0.8685935338,0.7675323471,0.9800548801,0.03977171102,0.03044862391,0.03108375202,0.001964750925,0.07757867112,0.06735249619,0.002220934258,0.06662204685,0.06459484208,0.0701101503,3,3072,9,45,6,54,144,198,0.01420878,0.0001858799998
4,2,moderate,zne_rem,5,0.06670635665,0.03365779203,0.08135168054,0.02491468802,0.1084980253,-0.01738605347,0.0794806638,-0.03046068727,-0.1160743323,0.08130222532,62.41382419,27.63487951,67.69418451,28.1005892,96.72705918,3.803166094,2.337923665,3.095417914,0.9002504488,6.706081739,,,,,,,,,,,0.9722431778,0.09442869483,0.9879495271,0.854994467,1.089491889,0.03265000646,0.02904372569,0.02661273183,-0.00341254211,0.06871255503,,,,,,19,19456,9,45,6,54,176,230,0.05329064,0.0001858799998
4,2,high,none,5,0.3288829704,0.1137860769,0.3787705743,0.1875988951,0.4701670456,0.01219813836,0.3846638641,-0.2047636735,-0.4654251331,0.4898214098,,,,,,,,,,,0.8891844262,0.05132365145,0.8815318386,0.8254576959,0.9529111564,0.2578072876,0.04520707398,0.253524224,0.2016752914,0.3139392838,0.6109088511,0.04861479025,0.5988245645,0.5505456163,0.671272086,0.0683785505,0.05375039915,0.1037131436,0.001638614986,0.135118486,0.030448592,0.0003943214888,0.03025768239,0.02995897721,0.0309382068,1,1024,9,9,6,6,16,22,0.003815019999,0.0001908040002
4,2,high,rem,5,0.1968089145,0.08614925447,0.2365624599,0.08984048675,0.3037773422,0.01745473978,0.2354953188,-0.1047671631,-0.2749513193,0.3098607988,41.91749622,6.976646298,41.84748944,33.25484568,50.58014676,1.741513989,0.206850588,1.719616213,1.484675061,1.998352917,0.937685629,0.03853294255,0.9406541326,0.8898406615,0.9855305965,0.1862886641,0.03906518271,0.1730669901,0.1377828331,0.234794495,0.7374310577,0.04547040406,0.743347351,0.680972094,0.7938900214,0.05565952411,0.046674172,0.07206463001,-0.002294114911,0.1136131631,,,,,,17,17408,9,9,6,6,48,54,0.04727834,0.0001908040002
4,2,high,rem_tensored,5,0.188470132,0.08493925971,0.2209519119,0.08300411123,0.2939361529,0.01955672199,0.2261367605,-0.07566593313,-0.2612291522,0.3003425962,44.51100659,10.64860124,41.66603034,31.2890218,57.73299138,1.87399606,0.4698766358,1.714267014,1.290567158,2.457424962,0.9408920003,0.03506597865,0.9463676453,0.897351837,0.9844321635,0.1827757594,0.03645941786,0.1721567417,0.1375054129,0.228046106,0.735542,0.0392322732,0.7343914917,0.6868286988,0.7842553012,0.05640553849,0.04728563322,0.068445298,-0.002307329912,0.1151184069,,,,,,3,3072,9,9,6,6,20,26,0.00963664,0.0001908040002
4,2,high,zne,5,0.1957775016,0.1188928001,0.2540147149,0.04815259209,0.3434024111,0.03387782586,0.246194845,-0.01531054849,-0.2718134497,0.3395691014,45.15753239,26.49983048,33.40932967,12.25364693,78.06141785,3.874811116,5.310278356,1.501711869,-2.718770339,10.46839257,,,,,,,,,,,0.7837626008,0.04970303315,0.794579459,0.722048134,0.8454770677,0.03622523019,0.03005468292,0.04390978061,-0.001092587559,0.07354304795,0.07010938211,0.0006420942288,0.06979340594,0.06931211682,0.0709066474,3,3072,9,45,6,54,144,198,0.0142394,0.0001908040002
4,2,high,zne_rem,5,0.07059491954,0.0765920326,0.03670078257,-0.02450664989,0.165696489,0.05591460651,0.09048667727,0.02639308925,-0.05643944297,0.168268656,71.93368665,39.04527893,87.32185412,23.45256951,120.4148038,14.06988332,18.04443649,7.887588688,-8.335243833,36.47501047,,,,,,,,,,,0.967786366,0.06596831822,0.9714877984,0.8858758802,1.049696852,0.02206232147,0.03650277739,0.009985067658,-0.02326186305,0.06738650599,,,,,,19,19456,9,45,6,54,176,230,0.05770272,0.0001908040002
4,4,ideal,none,5,0.01259590264,0.009425550018,0.01113367984,0.00089253652,0.02429926876,0.0005189282544,0.01693591861,0.007663045119,-0.02050979216,0.02154764867,,,,,,,,,,,0.996682722,0.0009660791742,0.9965289912,0.9954831763,0.9978822678,0.03421334473,0.005187294026,0.03059951774,0.02777246849,0.04065422097,0.9694642763,0.04248213159,0.9729045927,0.9167157429,1.02221281,0.007717290734,0.002435336709,0.007828791998,0.004693420819,0.01074116065,0.02810416158,0.001688828973,0.02841742079,0.02600720344,0.03020111971,1,1024,17,17,12,12,32,44,0.00234312,0.0001644600001
4,4,ideal,rem,5,0.01259590264,0.009425550018,0.01113367984,0.00089253652,0.02429926876,0.0005189282544,0.01693591861,0.007663045119,-0.02050979216,0.02154764867,0,0,0,0,0,1,0,1,1,1,0.996682722,0.0009660791742,0.9965289912,0.9954831763,0.9978822678,0.03421334473,0.005187294026,0.03059951774,0.02777246849,0.04065422097,0.9694642763,0.04248213159,0.9729045927,0.9167157429,1.02221281,0.007717290734,0.002435336709,0.007828791998,0.004693420819,0.01074116065,,,,,,17,17408,17,17,12,12,64,76,0.02156534,0.0001644600001
4,4,ideal,rem_tensored,5,0.01259590264,0.009425550018,0.01113367984,0.00089253652,0.02429926876,0.0005189282544,0.01693591861,0.007663045119,-0.02050979216,0.02154764867,0,0,0,0,0,1,0,1,1,1,0.996682722,0.0009660791742,0.9965289912,0.9954831763,0.9978822678,0.03421334473,0.005187294026,0.03059951774,0.02777246849,0.04065422097,0.9694642763,0.04248213159,0.9729045927,0.9167157429,1.02221281,0.007717290734,0.002435336709,0.007828791998,0.004693420819,0.01074116065,,,,,,3,3072,17,17,12,12,36,48,0.00504226,0.0001644600001
4,4,ideal,zne,5,0.04183383695,0.04232597519,0.03474230541,-0.01072080263,0.09438847653,-0.004363884237,0.06289094697,-0.003514757662,-0.0824533089,0.07372554043,-234.9697294,273.2598976,-148.3304545,-574.2667065,104.3272476,0.8745804141,1.287075725,0.402689232,-0.7235351772,2.472696005,,,,,,,,,,,0.9739864011,0.09497580106,0.9615644668,0.8560583682,1.091914434,0.01611066614,0.01368319451,0.01289470997,-0.0008792638641,0.03310059614,0.06453443361,0.00374665997,0.06560850351,0.05988234081,0.0691865264,3,3072,17,85,12,108,288,396,0.01141636,0.0001644600001
4,4,ideal,zne_rem,5,0.04183383695,0.04232597519,0.03474230541,-0.01072080263,0.09438847653,-0.004363884237,0.06289094697,-0.003514757662,-0.0824533089,0.07372554043,-234.9697294,273.2598976,-148.3304545,-574.2667065,104.3272476,0.8745804141,1.287075725,0.402689232,-0.7235351772,2.472696005,,,,,,,,,,,0.9739864011,0.09497580106,0.9615644668,0.8560583682,1.091914434,0.01611066614,0.01368319451,0.01289470997,-0.0008792638641,0.03310059614,,,,,,19,19456,17,85,12,108,320,428,0.03063858,0.0001644600001
4,4,low,none,5,0.07115444429,0.02739903109,0.08730555484,0.03713405381,0.1051748348,0.01184705325,0.08309007007,0.03064574967,-0.09132289536,0.1150170019,,,,,,,,,,,0.9914524026,0.002957726766,0.9914890315,0.9877798997,0.9951249054,0.06776859211,0.01384628529,0.06874942631,0.05057615815,0.08496102606,0.8878809291,0.02488466562,0.8881453307,0.8569825357,0.9187793225,0.02003015344,0.01117284125,0.02097980175,0.0061572387,0.03390306818,0.02921515229,0.001080672086,0.02982209214,0.02787332067,0.03055698391,1,1024,17,17,12,12,32,44,0.004350780001,0.000200932
4,4,low,rem,5,0.04002826116,0.02460922424,0.04973066081,0.009471873396,0.07058464893,0.01177256841,0.04934773879,0.007996666073,-0.04950074224,0.07304587906,49.06062802,19.29026441,46.77314533,25.10860118,73.01265486,2.254405205,1.004348779,1.878750879,1.007341484,3.501468926,0.993730917,0.003120394059,0.9944823064,0.989856436,0.9976053979,0.05634412968,0.0141326597,0.05321589771,0.03879611493,0.07389214442,0.9177346678,0.0260648513,0.9232017,0.8853708803,0.9500984552,0.01713922659,0.008298114828,0.01873437872,0.006835756153,0.02744269702,,,,,,17,17408,17,17,12,12,64,76,0.0436798,0.000200932
4,4,low,rem_tensored,5,0.0403321506,0.02692084584,0.05129036973,0.00690550552,0.07375879567,0.01062473452,0.05115641382,0.001948426295,-0.0528943428,0.07414381185,50.99782594,26.76344369,45.10378485,17.76662144,84.22903043,4.551275365,6.261055736,1.821619209,-3.222852133,12.32540286,0.9935602516,0.002927848621,0.9941955951,0.9899248474,0.9971956558,0.05658795786,0.01375265533,0.055869676,0.03951178086,0.07366413485,0.9195278769,0.0282936222,0.9142583748,0.8843967048,0.9546590489,0.01546506408,0.008606896788,0.01517922867,0.004778190201,0.02615193796,,,,,,3,3072,17,17,12,12,36,48,0.01005018,0.000200932
4,4,low,zne,5,0.08383636246,0.04156291686,0.06847534408,0.03222918494,0.13544354,0.02981580324,0.09696348794,0.03158882637,-0.09058026887,0.1502118754,-27.61442898,66.76370754,-35.71362445,-110.512521,55.28366306,0.9980302386,0.545450954,0.7368456955,0.3207634262,1.675297051,,,,,,,,,,,0.8696823941,0.05782561517,0.8832430817,0.7978824096,0.9414823787,0.02162678956,0.02050569228,0.01060382519,-0.003834390307,0.04708796943,0.06717781904,0.002262478307,0.06813927836,0.06436858118,0.0699870569,3,3072,17,85,12,108,288,396,0.01860054,0.000200932
4,4,low,zne_rem,5,0.07957328844,0.03524306684,0.0998056997,0.03581324116,0.1233333357,0.03139531045,0.08902177909,0.07271161982,-0.0791398277,0.1419304486,-42.38232586,111.3408454,-17.88221809,-180.6302451,95.86559334,1.46323466,1.728009928,0.8483043637,-0.6823730563,3.608842377,,,,,,,,,,,0.8990520474,0.05970482664,0.9175416337,0.8249187137,0.9731853812,0.01782071559,0.01976766844,0.007953729981,-0.00672408664,0.04236551781,,,,,,19,19456,17,85,12,108,320,428,0.05792956,0.000200932
4,4,moderate,none,5,0.2090450693,0.03853396345,0.1908211798,0.1611988342,0.2568913044,0.01458142826,0.2363131292,0.1833024394,-0.2788400766,0.3080029331,,,,,,,,,,,0.9524189446,0.007820936653,0.9496151476,0.9427079691,0.9621299201,0.1577374538,0.02223599709,0.1509485334,0.1301278168,0.1853470909,0.7535671666,0.07078936442,0.7822613924,0.6656705613,0.8414637718,0.04325764893,0.01567333916,0.04378412745,0.02379662796,0.0627186699,0.03051988619,0.0004314934151,0.0306359399,0.02998411635,0.03105565603,1,1024,17,17,12,12,32,44,0.00448352,0.0001939439998
4,4,moderate,rem,5,0.1436011607,0.02827527685,0.1324299109,0.1084927674,0.178709554,0.00588608246,0.1628889208,0.1172503124,-0.1963672262,0.2081393912,31.35721453,4.673716539,32.49600097,25.55402896,37.16040009,1.462118643,0.09740963964,1.481393717,1.341168601,1.583068686,0.9675562359,0.004882589023,0.9666146622,0.9614937009,0.9736187709,0.1213562904,0.01438917834,0.1148646595,0.1034897657,0.1392228151,0.8317083666,0.06714568895,0.8695990996,0.748335982,0.9150807512,0.0294555466,0.0118401075,0.02641610852,0.01475411139,0.04415698182,,,,,,17,17408,17,17,12,12,64,76,0.0438217,0.0001939439998
4,4,moderate,rem_tensored,5,0.1426476316,0.02221099132,0.1386854713,0.1150690433,0.1702262199,0.01228614758,0.1604371368,0.1213318655,-0.1869228692,0.2114951643,31.4607876,4.124988037,33.27936064,26.33893846,36.58263674,1.463094871,0.08472595149,1.498786597,1.357893708,1.568296035,0.9675772014,0.005613572996,0.9664619109,0.9606070299,0.9745473729,0.1209412296,0.01138407664,0.1171381872,0.1068060315,0.1350764277,0.8374295242,0.07567723211,0.8568175762,0.7434638296,0.9313952188,0.02784704146,0.01201975487,0.02471784163,0.01292254457,0.04277153834,,,,,,3,3072,17,17,12,12,36,48,0.0101548,0.0001939439998
4,4,moderate,zne,5,0.1067989755,0.03763686183,0.1070617653,0.06006663921,0.1535313119,0.006671272014,0.1249737072,0.05097822061,-0.148504081,0.161846625,48.12556012,19.35682739,42.11082194,24.09088442,72.16023581,2.208579195,0.9600778864,1.727438588,1.016485048,3.400673342,,,,,,,,,,,0.8953294448,0.1086011032,0.8702001731,0.7604833648,1.030175525,0.02666277137,0.003603029216,0.02656700529,0.0221890197,0.03113652303,0.07020906378,0.0006776283967,0.07036355561,0.069367677,0.07105045057,3,3072,17,85,12,108,288,396,0.01892464,0.0001939439998
4,4,moderate,zne_rem,5,0.05053888999,0.02146765265,0.04532464385,0.02388327857,0.07719450141,-0.006082016116,0.06006118307,0.02798040119,-0.08065782483,0.0684937926,75.46837563,10.6362623,80.1714151,62.26171166,88.67503961,4.681779421,1.784077077,5.04322424,2.466555145,6.897003697,,,,,,,,,,,0.9991867953,0.1057037842,0.9853619141,0.867938212,1.130435379,0.02046406704,0.01752097811,0.01115441641,-0.001291100693,0.04221923477,,,,,,19,19456,17,85,12,108,320,428,0.05826282,0.0001939439998
4,4,high,none,5,0.3340450693,0.113551698,0.2931182049,0.1930520139,0.4750381247,0.01692517826,0.3898955584,0.2083801247,-0.4671940997,0.5010444562,,,,,,,,,,,0.87781276,0.02735743103,0.883706894,0.8438440228,0.9117814972,0.2817146705,0.05312741215,0.2603266544,0.2157482755,0.3476810655,0.5129895348,0.03257460209,0.5080478406,0.4725428241,0.5534362454,0.08575280972,0.06192997892,0.1099517813,0.008856584487,0.1626490349,0.03110836228,9.409709153e-05,0.03107570681,0.03099152531,0.03122519925,1,1024,17,17,12,12,32,44,0.004476999999,0.0001905880001
4,4,high,rem,5,0.2895968152,0.1334407049,0.2344840939,0.123908296,0.4552853345,0.0128857336,0.3499025054,0.149030285,-0.4215756103,0.4473470775,16.10063486,13.13489354,20.00357193,-0.2084895723,32.40975929,1.214298495,0.1795920441,1.250055814,0.9913055197,1.437291471,0.8989648107,0.02798291016,0.903992362,0.8642194385,0.9337101828,0.2529802006,0.05110918527,0.2356134296,0.1895197652,0.3164406359,0.5918602346,0.02548114786,0.6028965827,0.5602212107,0.6234992585,0.06876576704,0.04649718294,0.08481314036,0.01103188897,0.1264996451,,,,,,17,17408,17,17,12,12,64,76,0.04519586,0.0001905880001
4,4,high,rem_tensored,5,0.2818521373,0.1319266886,0.2211534622,0.1180435177,0.4456607568,0.01480022766,0.341220789,0.1395775829,-0.4088813414,0.4384817968,18.55329586,13.50575822,24.55144083,1.783682107,35.32290961,1.253865823,0.197793389,1.325406358,1.008272893,1.499458753,0.9008544209,0.02612602977,0.9029129506,0.8684146704,0.9332941715,0.2511954361,0.04895565951,0.2373077465,0.1904089562,0.3119819161,0.5878685844,0.01871559986,0.5829216132,0.5646300978,0.6111070709,0.07018377967,0.04477376584,0.07856627617,0.01458980656,0.1257777528,,,,,,3,3072,17,17,12,12,36,48,0.0102048,0.0001905880001
4,4,high,zne,5,0.269103663,0.1415121803,0.2672392986,0.0933930835,0.4448142426,-0.01618029048,0.331993105,0.1146301247,-0.4284041766,0.3960435956,23.37930192,20.58124377,10.74903415,-2.175687504,48.93429134,1.394021878,0.4140166205,1.120436054,0.8799523461,1.908091411,,,,,,,,,,,0.6709776473,0.04722368912,0.6818536801,0.6123416926,0.7296136019,0.05492757081,0.02828160748,0.06191156886,0.01981131699,0.09004382462,0.07115848159,0.0001510400903,0.07111618681,0.07097094055,0.07134602263,3,3072,17,85,12,108,288,396,0.0197895,0.0001905880001
4,4,high,zne_rem,5,0.1861070682,0.1813176689,0.1925050291,-0.03902855349,0.4112426899,-0.03920920899,0.2724870556,-0.004884485407,-0.377546576,0.299128158,52.9766541,42.84578417,34.32512007,-0.2234135776,106.1767218,44.37280339,75.31547985,1.522652194,-49.14371645,137.8893232,,,,,,,,,,,0.7970548216,0.08295940839,0.8022947058,0.6940471109,0.9000625323,0.0278557017,0.02130357339,0.02664964896,0.001403821585,0.05430758181,,,,,,19,19456,17,85,12,108,320,428,0.06050836,0.0001905880001
6,2,ideal,none,5,0.02736242477,0.02624413318,0.01904099605,-0.005223970566,0.0599488201,0.02437538975,0.02969735436,0.01904099605,-0.01249874599,0.0612495255,,,,,,,,,,,0.9810502905,0.003754039056,0.9801870761,0.9763890354,0.9857115457,0.06967027246,0.01365000266,0.07415125153,0.05272155558,0.08661898934,1.064363335,0.09338006552,1.113347168,0.9484166691,1.18031,0.007863888145,0.004710990593,0.009715072475,0.002014420729,0.01371335556,0.02863506108,0.000555465308,0.02871507887,0.0279453598,0.02932476235,1,1024,11,11,10,10,24,34,0.0025255,0.000333636
6,2,ideal,rem,5,0.02736242477,0.02624413318,0.01904099605,-0.005223970566,0.0599488201,0.02437538975,0.02969735436,0.01904099605,-0.01249874599,0.0612495255,0,0,0,0,0,1,0,1,1,1,0.9810502905,0.003754039056,0.9801870761,0.9763890354,0.9857115457,0.06967027246,0.01365000266,0.07415125153,0.05272155558,0.08661898934,1.064363335,0.09338006552,1.113347168,0.9484166691,1.18031,0.007863888145,0.004710990593,0.009715072475,0.002014420729,0.01371335556,,,,,,65,66560,11,11,10,10,216,226,0.08455602,0.000333636
6,2,ideal,rem_tensored,5,0.02736242477,0.02624413318,0.01904099605,-0.005223970566,0.0599488201,0.02437538975,0.02969735436,0.01904099605,-0.01249874599,0.0612495255,0,0,0,0,0,1,0,1,1,1,0.9810502905,0.003754039056,0.9801870761,0.9763890354,0.9857115457,0.06967027246,0.01365000266,0.07415125153,0.05272155558,0.08661898934,1.064363335,0.09338006552,1.113347168,0.9484166691,1.18031,0.007863888145,0.004710990593,0.009715072475,0.002014420729,0.01371335556,,,,,,3,3072,11,11,10,10,30,40,0.00555602,0.000333636
6,2,ideal,zne,5,0.05299719039,0.04637867538,0.03017266566,-0.004589541116,0.1105839219,0.04092812412,0.05973248769,0.0195807282,-0.03323955537,0.1150958036,-151.1640118,152.0273789,-127.8312393,-339.9309349,37.60291135,0.7003525974,0.7337569737,0.4389213714,-0.2107270203,1.611432215,,,,,,,,,,,1.124017695,0.2150948532,1.141894532,0.8569421599,1.391093231,0.0127287617,0.008737679073,0.01276683029,0.001879500167,0.02357802323,0.06557662127,0.001198148811,0.06555218004,0.06408892303,0.06706431951,3,3072,11,55,10,90,216,306,0.01312064,0.000333636
6,2,ideal,zne_rem,5,0.05299719039,0.04637867538,0.03017266566,-0.004589541116,0.1105839219,0.04092812412,0.05973248769,0.0195807282,-0.03323955537,0.1150958036,-151.1640118,152.0273789,-127.8312393,-339.9309349,37.60291135,0.7003525974,0.7337569737,0.4389213714,-0.2107270203,1.611432215,,,,,,,,,,,1.124017695,0.2150948532,1.141894532,0.8569421599,1.391093231,0.0127287617,0.008737679073,0.01276683029,0.001879500167,0.02357802323,,,,,,67,68608,11,55,10,90,408,498,0.09515116,0.000333636
6,2,low,none,5,0.05132799528,0.0211107467,0.05372525794,0.02511554112,0.07754044943,-0.02054648524,0.05666718566,-0.05354997688,-0.09090808955,0.04981511907,,,,,,,,,,,0.9736330397,0.006000631039,0.9707853803,0.9661822722,0.9810838072,0.09544306193,0.008515408385,0.097888459,0.0848697859,0.1060163379,0.9371060606,0.1047938849,0.8756217357,0.8069872665,1.067224855,0.01320211869,0.006175764851,0.01350833678,0.005533893814,0.02087034357,0.02953120047,0.0002849728029,0.02954095257,0.02917736,0.02988504094,1,1024,11,11,10,10,24,34,0.00632694,0.0004398640001
6,2,low,rem,5,0.01277870451,0.009613319255,0.009481213127,0.0008421920856,0.02471521693,0.005564659957,0.01605703016,-0.003547860407,-0.01437277632,0.02550209623,63.55220756,45.84061041,82.29464571,6.63357195,120.4708432,7.121251946,5.827613216,5.64800898,-0.1146855793,14.35718947,0.9748216797,0.00355683416,0.9756022419,0.9704052867,0.9792380726,0.08922803979,0.004855609316,0.0891416773,0.08319900451,0.09525707507,0.988116515,0.1136335645,0.9306505507,0.8470218089,1.129211221,0.0123555624,0.005538389395,0.01021513786,0.005478743685,0.01923238112,,,,,,65,66560,11,11,10,10,216,226,0.21487346,0.0004398640001
6,2,low,rem_tensored,5,0.01892644414,0.01600003541,0.01197562568,-0.0009402237988,0.03879311208,0.008496928894,0.02476927011,-0.006275511478,-0.02225818207,0.03925203986,52.3616039,50.47173077,77.6365437,-10.30732713,115.0305349,4.491558067,3.324345838,4.47158072,0.363837522,8.619278612,0.9736266697,0.0046704252,0.9715610778,0.9678275709,0.9794257685,0.09008381087,0.00507374097,0.08923572331,0.08378392937,0.09638369236,0.9827295875,0.1147673214,0.9197000577,0.8402271364,1.125232039,0.01177191054,0.00446843227,0.008843186424,0.006223619062,0.01732020202,,,,,,3,3072,11,11,10,10,30,40,0.01397054,0.0004398640001
6,2,low,zne,5,0.04301869464,0.03172026348,0.03938982063,0.003632785464,0.08240460381,0.01651406163,0.05457602437,-0.00147916419,-0.051251023,0.08427914626,9.754597916,56.80267934,5.076099251,-60.77524402,80.28443986,8.032590914,15.81618849,1.05347546,-11.60580092,27.67098275,,,,,,,,,,,1.088517043,0.1572356899,1.123207293,0.8932831477,1.283750939,0.02489645463,0.01301175719,0.0256463417,0.008740224168,0.04105268509,0.06790737356,0.000356533772,0.06792612898,0.06746467841,0.06835006871,3,3072,11,55,10,90,216,306,0.02967694,0.0004398640001
6,2,low,zne_rem,5,0.04811332189,0.05645617771,0.02060162468,-0.02198628145,0.1182129252,0.04811332189,0.05645617771,0.02060162468,-0.02198628145,0.1182129252,3.667658828,100.3037614,27.00574276,-120.8759106,128.2112283,2.837729307,3.033429514,1.369970787,-0.9287709116,6.604229526,,,,,,,,,,,1.150509609,0.1715631493,1.196065244,0.9374858232,1.363533395,0.02434525886,0.01255821376,0.02280877548,0.008752176953,0.03993834077,,,,,,67,68608,11,55,10,90,408,498,0.23822346,0.0004398640001
6,2,moderate,none,5,0.1829686203,0.02650154256,0.1980812269,0.150062609,0.2158746316,-0.1099996102,0.1656029406,-0.1980812269,-0.3156228196,0.09562359916,,,,,,,,,,,0.9332087697,0.0133726254,0.9282990546,0.9166044622,0.9498130773,0.1806246668,0.0137008741,0.1858819876,0.1636127847,0.1976365489,0.729573493,0.03897227642,0.7147671947,0.6811830204,0.7779639656,0.009345432734,0.007058405721,0.00777364969,0.0005812644652,0.018109601,0.03064384535,0.0001637461884,0.03071881891,0.03044052761,0.0308471631,1,1024,11,11,10,10,24,34,0.006085900001,0.0004158920002
6,2,moderate,rem,5,0.0904904124,0.02422816277,0.08982526913,0.06040717495,0.1205736499,-0.05996122263,0.07955163114,-0.08982526913,-0.158737619,0.03881517375,51.04080226,8.169088286,54.83303875,40.89753944,61.18406509,2.084990401,0.3195325112,2.2140077,1.688238386,2.481742417,0.9546282556,0.006646624666,0.9578653622,0.946375381,0.9628811301,0.1371299122,0.00972968597,0.1406798629,0.1250489115,0.149210913,0.8622031636,0.0617322659,0.8637339239,0.7855524315,0.9388538957,0.00916760221,0.002115836283,0.009134093002,0.006540444471,0.01179475995,,,,,,65,66560,11,11,10,10,216,226,0.2161042,0.0004158920002
6,2,moderate,rem_tensored,5,0.08716483259,0.03046242238,0.08914249557,0.04934073942,0.1249889258,-0.05476038255,0.08171119787,-0.08914249557,-0.1562182352,0.04669747009,53.56436684,11.81563954,55.1763587,38.89331261,68.23542107,2.292597667,0.7010808883,2.23096556,1.422090768,3.163104566,0.955103457,0.005467115418,0.9580651967,0.9483151366,0.9618917774,0.1358402238,0.0102836231,0.138544726,0.1230714192,0.1486090284,0.860032103,0.0533452968,0.8414153417,0.7937951685,0.9262690375,0.007308393356,0.004916947581,0.00654447287,0.001203196563,0.01341359015,,,,,,3,3072,11,11,10,10,30,40,0.01348188,0.0004158920002
6,2,moderate,zne,5,0.09444322964,0.04296448073,0.09794986883,0.04109578072,0.1477906786,-0.05526328211,0.09580090396,-0.09071954066,-0.1742158155,0.06368925133,50.32921204,19.49334785,46.30604483,26.12502381,74.53340028,2.467410637,1.530342591,1.862407038,0.5672393368,4.367581936,,,,,,,,,,,0.8704230072,0.09981804747,0.8517585474,0.7464825313,0.9943634831,0.01283209541,0.009637533344,0.01243902343,0.0008655172298,0.0247986736,0.07037552471,0.0002804988948,0.07044365319,0.07002723933,0.07072381009,3,3072,11,55,10,90,216,306,0.02912416,0.0004158920002
6,2,moderate,zne_rem,5,0.04873025259,0.04047632942,0.04266747321,-0.001527748436,0.09898825361,0.02338417574,0.06263469922,0.003774029516,-0.05438707531,0.1011554268,70.33998901,29.31531215,76.61063337,33.94022132,106.7397567,14.08736102,21.69090222,4.275447111,-12.84545135,41.0201734,,,,,,,,,,,1.037471582,0.1401811576,0.984914026,0.8634136857,1.211529479,0.02108502087,0.01748728485,0.01408793334,-0.0006283111581,0.0427983529,,,,,,67,68608,11,55,10,90,408,498,0.23914246,0.0004158920002
6,2,high,none,5,0.2982029953,0.04610709283,0.3015631501,0.240953478,0.3554525125,-0.1775777352,0.2717808528,-0.2840187269,-0.5150382355,0.1598827651,,,,,,,,,,,0.8522244278,0.04829875579,0.853265771,0.7922536015,0.912195254,0.2971596677,0.05166252841,0.3008391329,0.2330121662,0.3613071693,0.4726334838,0.08587591462,0.4605155033,0.3660044523,0.5792625153,0.03299846624,0.03516555017,0.01372242752,-0.01066533138,0.07666226387,0.0311484268,4.013911766e-05,0.03115920945,0.03109858751,0.0311982661,1,1024,11,11,10,10,24,34,0.00614544,0.0004113680001
6,2,high,rem,5,0.2087789115,0.05866344727,0.2024529227,0.135938621,0.281619202,-0.1380487561,0.1846763888,-0.2024529227,-0.3673547794,0.09125726719,30.83331052,9.527802516,30.81155754,19.00298115,42.66363989,1.466939947,0.1933096217,1.445328099,1.226914349,1.706965545,0.8975840882,0.02767205016,0.8987494146,0.8632246997,0.9319434766,0.22773135,0.03748980145,0.2350637264,0.1811816133,0.2742810868,0.6193613849,0.1420230382,0.5935166186,0.4430164915,0.7957062783,0.02292293476,0.01571881382,0.02465334918,0.003405449553,0.04244041997,,,,,,65,66560,11,11,10,10,216,226,0.214154,0.0004113680001
6,2,high,rem_tensored,5,0.2137818359,0.05467208311,0.1999489742,0.1458974786,0.2816661932,-0.1364323849,0.1919638866,-0.1999489742,-0.3747870319,0.1019222621,29.11586239,7.688308526,29.60007376,19.56956649,38.6621583,1.423780553,0.1505304474,1.420456034,1.236872316,1.610688791,0.8979796931,0.02904072544,0.9001565587,0.8619208699,0.9340385164,0.227958608,0.03783820214,0.2338285328,0.1809762746,0.2749409413,0.6142319865,0.13719091,0.5664987521,0.4438869726,0.7845770003,0.02712293248,0.01877210908,0.02771844275,0.003814280466,0.05043158449,,,,,,3,3072,11,11,10,10,30,40,0.01383036,0.0004113680001
6,2,high,zne,5,0.2764744796,0.06340447536,0.2714986954,0.1977474253,0.355201534,-0.1492085946,0.2678409864,-0.2307960706,-0.4817771046,0.1833599154,7.934618335,9.889619525,11.74548496,-4.344966185,20.21420286,1.096006384,0.1145597835,1.133086505,0.9537616253,1.238251143,,,,,,,,,,,0.6161479328,0.1381938477,0.6335436498,0.4445576073,0.7877382583,0.01651337876,0.01219556939,0.01168792232,0.00137057931,0.03165617822,0.07120348562,0.0001008908023,0.07124556887,0.07107821314,0.07132875809,3,3072,11,55,10,90,216,306,0.02933644,0.0004113680001
6,2,high,zne_rem,5,0.1603872164,0.09059344883,0.1340469029,0.04790059252,0.2728738403,-0.07663054204,0.1817194183,-0.08758096916,-0.3022650015,0.1490039174,48.45294545,22.3887837,56.4261464,20.65359877,76.25229213,2.246939357,0.9024589465,2.294954238,1.126388573,3.36749014,,,,,,,,,,,0.8243285008,0.2199430057,0.8852114759,0.551233189,1.097423813,0.009013572538,0.0108205074,0.00392461224,-0.004421861941,0.02244900702,,,,,,67,68608,11,55,10,90,408,498,0.237345,0.0004113680001
6,4,ideal,none,5,0.02700638287,0.01079761638,0.02358101568,0.01359937135,0.0404133944,0.003274240974,0.03185700232,0.01925457185,-0.0362814519,0.04282993385,,,,,,,,,,,0.9806806069,0.00294986785,0.9817389361,0.9770178622,0.9843433516,0.08513527101,0.01099628012,0.0881524567,0.07148158587,0.09878895614,0.9930871673,0.09857829749,0.968826842,0.8706860443,1.11548829,0.004938079173,0.002541541669,0.004627546627,0.001782338382,0.008093819964,0.02910746953,0.0005181725376,0.02906709204,0.02846407334,0.02975086571,1,1024,19,19,20,20,48,68,0.00346472,0.0002395759997
6,4,ideal,rem,5,0.02700638287,0.01079761638,0.02358101568,0.01359937135,0.0404133944,0.003274240974,0.03185700232,0.01925457185,-0.0362814519,0.04282993385,0,0,0,0,0,1,0,1,1,1,0.9806806069,0.00294986785,0.9817389361,0.9770178622,0.9843433516,0.08513527101,0.01099628012,0.0881524567,0.07148158587,0.09878895614,0.9930871673,0.09857829749,0.968826842,0.8706860443,1.11548829,0.004938079173,0.002541541669,0.004627546627,0.001782338382,0.008093819964,,,,,,65,66560,19,19,20,20,240,260,0.09504568,0.0002395759997
6,4,ideal,rem_tensored,5,0.02700638287,0.01079761638,0.02358101568,0.01359937135,0.0404133944,0.003274240974,0.03185700232,0.01925457185,-0.0362814519,0.04282993385,0,0,0,0,0,1,0,1,1,1,0.9806806069,0.00294986785,0.9817389361,0.9770178622,0.9843433516,0.08513527101,0.01099628012,0.0881524567,0.07148158587,0.09878895614,0.9930871673,0.09857829749,0.968826842,0.8706860443,1.11548829,0.004938079173,0.002541541669,0.004627546627,0.001782338382,0.008093819964,,,,,,3,3072,19,19,20,20,54,74,0.006542780001,0.0002395759997
6,4,ideal,zne,5,0.04910428474,0.03116117102,0.03598929682,0.01041258054,0.08779598893,-0.00683318091,0.06266331943,0.03024089998,-0.08463996865,0.07097360683,-83.33461674,72.37496917,-57.05828313,-173.2000103,6.53077685,0.6289379114,0.2789878783,0.6367063106,0.282528707,0.9753471158,,,,,,,,,,,0.9835921084,0.2601944125,0.9576763127,0.6605180739,1.306666143,0.009003401669,0.007693346304,0.005054813507,-0.0005491494626,0.0185559528,0.06652405522,0.001322964408,0.06656421384,0.06488137794,0.06816673249,3,3072,19,95,20,180,432,612,0.0214326,0.0002395759997
6,4,ideal,zne_rem,5,0.04910428474,0.03116117102,0.03598929682,0.01041258054,0.08779598893,-0.00683318091,0.06266331943,0.03024089998,-0.08463996865,0.07097360683,-83.33461674,72.37496917,-57.05828313,-173.2000103,6.53077685,0.6289379114,0.2789878783,0.6367063106,0.282528707,0.9753471158,,,,,,,,,,,0.9835921084,0.2601944125,0.9576763127,0.6605180739,1.306666143,0.009003401669,0.007693346304,0.005054813507,-0.0005491494626,0.0185559528,,,,,,67,68608,19,95,20,180,624,804,0.11301356,0.0002395759997
6,4,low,none,5,0.0792050403,0.02526696166,0.09012042815,0.04783196366,0.1105781169,-0.06508513403,0.05643690303,-0.09012042815,-0.1351608047,0.004990536635,,,,,,,,,,,0.9753371008,0.002325809805,0.9751383496,0.9724492265,0.9782249751,0.09725221314,0.005438977127,0.0999058072,0.09049883105,0.1040055952,0.940424472,0.07782700362,0.9165051815,0.8437894835,1.037059461,0.007366811173,0.003669344117,0.00829468233,0.002810718685,0.01192290366,0.02990739255,0.0003239387213,0.0299159446,0.0295051695,0.03030961559,1,1024,19,19,20,20,48,68,0.008229540001,0.0004506919999
6,4,low,rem,5,0.04251685,0.0239984449,0.04723543057,0.01271884495,0.07231485504,-0.04251685,0.0239984449,-0.04723543057,-0.07231485504,-0.01271884495,52.18705525,25.34737603,41.26062633,20.71413099,83.65997951,5.679619373,8.810254491,1.702435586,-5.259756444,16.61899519,0.976675179,0.00324783286,0.9770913634,0.9726424619,0.9807078962,0.09013448545,0.002853840901,0.09062158003,0.08659097394,0.09367799695,0.9881359898,0.08739396677,0.9617800812,0.8796220476,1.096649932,0.007285622512,0.003484043553,0.006589280344,0.002959611064,0.01161163396,,,,,,65,66560,19,19,20,20,240,260,0.21534304,0.0004506919999
6,4,low,rem_tensored,5,0.0421001728,0.02346712354,0.05052961391,0.01296189035,0.07123845524,-0.0421001728,0.02346712354,-0.05052961391,-0.07123845524,-0.01296189035,52.32449331,24.95765464,39.79749881,21.33547207,83.31351455,4.753304785,6.676803302,1.661060554,-3.537041499,13.04365107,0.975864421,0.0050312757,0.9769133912,0.9696172671,0.9821115749,0.09020682015,0.003743834289,0.08904984404,0.0855582359,0.0948554044,0.9895747776,0.08934465714,0.9573284289,0.8786387334,1.100510822,0.007044040683,0.001675710461,0.007218341642,0.004963371332,0.009124710035,,,,,,3,3072,19,19,20,20,54,74,0.01550334,0.0004506919999
6,4,low,zne,5,0.05531950903,0.01827079679,0.05356742182,0.03263331844,0.07800569962,-0.05531950903,0.01827079679,-0.05356742182,-0.07800569962,-0.03263331844,19.95739837,44.95190586,39.47066538,-35.85776479,75.77256153,1.56806043,0.783805324,1.652091513,0.594837578,2.541283283,,,,,,,,,,,0.95323465,0.1681142629,0.8719463213,0.7444932221,1.161976078,0.01091129202,0.003377076132,0.0117679308,0.006718098168,0.01510448587,0.06874209058,0.0005778331675,0.06879883542,0.06802461594,0.06945956522,3,3072,19,95,20,180,432,612,0.04558836,0.0004506919999
6,4,low,zne_rem,5,0.04166916879,0.0374923032,0.0249338205,-0.00488367431,0.08822201189,-0.03169564059,0.04816954737,-0.01933915776,-0.09150603336,0.02811475219,18.67349574,118.2427063,73.90592908,-128.1442157,165.4912071,3.839669096,3.101790404,3.832288197,-0.01171237857,7.69105057,,,,,,,,,,,1.00071633,0.1875098675,0.9036038665,0.7678920783,1.233540582,0.01069054341,0.003970248669,0.01246217872,0.005760828571,0.01562025824,,,,,,67,68608,19,95,20,180,624,804,0.25270186,0.0004506919999
6,4,moderate,none,5,0.2397519153,0.05183671973,0.2483840279,0.1753881266,0.304115704,-0.176413259,0.1887755921,-0.2483840279,-0.4108091155,0.05798259745,,,,,,,,,,,0.9079524009,0.01310074445,0.9097431112,0.8916856782,0.9242191237,0.233641499,0.02641906972,0.2432625669,0.2008378912,0.2664451067,0.5901052165,0.1189746149,0.5513351482,0.4423787204,0.7378317125,0.02240247739,0.01654403695,0.03199166246,0.001860342327,0.04294461246,0.0309894975,7.751137584e-05,0.03102003359,0.03089325442,0.03108574059,1,1024,19,19,20,20,48,68,0.00808036,0.000408072
6,4,moderate,rem,5,0.1728490784,0.05606759885,0.179964136,0.1032319595,0.2424661974,-0.1412808424,0.1246564679,-0.179964136,-0.2960622908,0.01350060596,29.56556232,12.33948063,27.54601109,14.24407346,44.88705118,1.463324836,0.3131358455,1.38018626,1.074515331,1.852134342,0.9265439734,0.008214537401,0.9295576457,0.916344278,0.9367436687,0.1990344734,0.02616266187,0.2010845335,0.166549238,0.2315197087,0.6939111667,0.1619693092,0.6284595701,0.4927997067,0.8950226267,0.02036106327,0.01507308689,0.02743268863,0.001645353932,0.03907677261,,,,,,65,66560,19,19,20,20,240,260,0.21421196,0.000408072
6,4,moderate,rem_tensored,5,0.1751222264,0.05885708281,0.1845708881,0.1020415056,0.2482029472,-0.1431773729,0.1271778235,-0.1845708881,-0.3010894977,0.01473475186,28.88458483,12.05273754,25.69132175,13.91913454,43.85003511,1.447275021,0.3047007293,1.345737838,1.068939096,1.825610947,0.9263117878,0.009473748793,0.9310024284,0.914548575,0.9380750006,0.2002228765,0.02832461907,0.2051464356,0.1650532168,0.2353925363,0.6831016249,0.1553072677,0.6248881435,0.4902621819,0.8759410679,0.02045870509,0.01633388932,0.02806482528,0.0001775027626,0.04073990741,,,,,,3,3072,19,19,20,20,54,74,0.01542114,0.000408072
6,4,moderate,zne,5,0.1589901966,0.08539214244,0.1829559298,0.05296184757,0.2650185456,-0.1536593528,0.09682548925,-0.1829559298,-0.2738840769,-0.03343462868,37.98799098,31.42724137,29.59747625,-1.0340832,77.01006516,3.454763134,4.713977853,1.420403626,-2.398413455,9.307939723,,,,,,,,,,,0.8274884856,0.2036933384,0.7812902765,0.5745698007,1.080407171,0.02315562541,0.01290443943,0.01667445202,0.007132647561,0.03917860326,0.0709682216,0.0001041980052,0.07099068594,0.07083884269,0.07109760051,3,3072,19,95,20,180,432,612,0.04546286,0.000408072
6,4,moderate,zne_rem,5,0.1089639666,0.04874711514,0.131976917,0.04843642875,0.1694915045,-0.1089639666,0.04874711514,-0.131976917,-0.1694915045,-0.04843642875,50.73630653,27.9769977,46.86577953,15.9982757,85.47433735,2.986026269,2.435712967,1.882026293,-0.03831083199,6.01036337,,,,,,,,,,,0.9886742955,0.2746499115,0.8571660534,0.6476513883,1.329697203,0.02534786801,0.01209686907,0.02353495813,0.0103276212,0.04036811483,,,,,,67,68608,19,95,20,180,624,804,0.25159446,0.000408072
6,4,high,none,5,0.3499081653,0.03249386383,0.3524486438,0.3095617044,0.3902546262,-0.220944509,0.3050900052,-0.3524486438,-0.5997637847,0.1578747667,,,,,,,,,,,0.7910613735,0.007765178268,0.7961211916,0.7814196312,0.8007031158,0.3674572894,0.008033000346,0.3662494799,0.3574830021,0.3774315767,0.2697306825,0.06609302045,0.2737988901,0.1876653585,0.3517960065,0.03015570908,0.02849060082,0.0215749958,-0.005220044255,0.06553146241,0.03123949445,1.061814015e-05,0.03124141575,0.03122631029,0.03125267861,1,1024,19,19,20,20,48,68,0.008078100001,0.0004125359999
6,4,high,rem,5,0.3320294984,0.02646534204,0.3352894809,0.299168436,0.3648905608,-0.1956481956,0.3010932223,-0.3182354405,-0.5695048098,0.1782084187,4.742005271,8.223242441,5.525496404,-5.468498817,14.95250936,1.056072056,0.09128821841,1.058486641,0.9427227617,1.16942135,0.8052247586,0.01023227405,0.805255304,0.7925197123,0.8179298049,0.3547873511,0.01158154024,0.3526274759,0.3404069695,0.3691677327,0.3105381763,0.06092904435,0.3074684429,0.2348847755,0.3861915771,0.03118053506,0.01973435874,0.02859986122,0.006677092293,0.05568397783,,,,,,65,66560,19,19,20,20,240,260,0.21621992,0.0004125359999
6,4,high,rem_tensored,5,0.3341897042,0.02951107416,0.3354182638,0.2975468658,0.3708325425,-0.2000223987,0.3007709286,-0.3239875431,-0.5734788325,0.1734340351,4.286109321,6.655953007,7.350814388,-3.978347902,12.55056654,1.048770054,0.07176071242,1.079340302,0.9596673607,1.137872747,0.8049021872,0.01141470509,0.8087062641,0.7907289588,0.8190754155,0.3565782112,0.01195745139,0.3502970266,0.3417310743,0.3714253481,0.3130620464,0.07671601078,0.3066230134,0.2178065377,0.4083175551,0.03386632854,0.01692773645,0.03268910372,0.01284776762,0.05488488945,,,,,,3,3072,19,19,20,20,54,74,0.0156521,0.0004125359999
6,4,high,zne,5,0.3457577747,0.05178371534,0.3536591407,0.2814597997,0.4100557497,-0.2042941184,0.3161439436,-0.2940990344,-0.5968386715,0.1882504347,1.247889492,10.99732933,-0.4333325627,-12.40709842,14.9028774,1.023239657,0.1193535909,0.9956853711,0.8750426002,1.171436714,,,,,,,,,,,0.3749904582,0.09819451658,0.3938108202,0.2530658621,0.4969150542,0.03458753415,0.03359878365,0.01856369198,-0.007130865886,0.07630593419,0.07136851647,1.895413047e-05,0.07137542223,0.07134498181,0.07139205114,3,3072,19,95,20,180,432,612,0.04577386,0.0004125359999
6,4,high,zne_rem,5,0.324627134,0.1006243603,0.3305194124,0.1996854884,0.4495687796,-0.1582780812,0.3324737483,-0.239667281,-0.5710987648,0.2545426024,6.935221604,29.3378499,16.19301729,-29.4925304,43.36297361,1.16677441,0.3748904081,1.193217996,0.7012864869,1.632262333,,,,,,,,,,,0.4488157478,0.1236431751,0.4861300292,0.2952924687,0.6023390269,0.03203956571,0.02543312024,0.03018322956,0.0004601759429,0.06361895548,,,,,,67,68608,19,95,20,180,624,804,0.25391568,0.0004125359999
