run_id,n_qubits,depth_layers,noise_level,seed,none_residual,none_pred_std,zne_inf_shot,zne_residual,zne_pred_std,zne_inf_shot_abs_error,zne_gate_only_inf_shot_abs_error
n2_L2_ideal_s0,2,2,ideal,0,-0.0007758662,0.02147188691,0.7273383662,-0.01518016311,0.04901383786,1.079147882e-11,1.079147882e-11
n2_L2_ideal_s1,2,2,ideal,1,0.0141112916,0.02886956439,0.3687012084,0.07099605719,0.06619773544,1.063921173e-11,1.063921173e-11
n2_L2_ideal_s2,2,2,ideal,2,-0.0103321882,0.01467892336,-0.8724803118,-0.0132618757,0.03380893856,1.895150703e-13,1.895150703e-13
n2_L2_ideal_s3,2,2,ideal,3,-0.0107888646,0.01696338185,0.8506326146,-0.02250761462,0.03859200249,2.422995138e-11,2.422995138e-11
n2_L2_ideal_s4,2,2,ideal,4,-0.0541804016,0.0229219315,-0.6255070984,-0.1677057922,0.05408205167,1.485844781e-11,1.485844781e-11
n2_L2_low_s0,2,2,low,0,-0.0326583237,0.02378962173,0.6985089811,-0.05324530918,0.05485182739,0.02882938512,2.789027498e-05
n2_L2_low_s1,2,2,low,1,0.0224784659,0.02906709204,0.3540845841,0.04313221284,0.06682334326,0.01461662434,1.671853733e-05
n2_L2_low_s2,2,2,low,2,-0.0037490443,0.0178723611,-0.837895952,0.02979048325,0.04188169036,0.03458435975,3.554707018e-05
n2_L2_low_s3,2,2,low,3,0.0123162547,0.01838647992,0.816915005,-0.002950161211,0.04311301927,0.03371760959,3.390051132e-05
n2_L2_low_s4,2,2,low,4,0.0218446063,0.0257957851,-0.6007164958,0.002327823923,0.05949363258,0.02479060258,2.136763922e-05
n2_L2_moderate_s0,2,2,moderate,0,0.024080606,0.02468326919,0.6418002163,0.07890290872,0.05842147376,0.08553814992,0.0009913581907
n2_L2_moderate_s1,2,2,moderate,1,0.0181661607,0.02966478131,0.325228439,0.03194929544,0.06835847539,0.04347276944,0.000629186035
n2_L2_moderate_s2,2,2,moderate,2,0.0036684226,0.02228100898,-0.7697821498,0.01904972786,0.0530785323,0.102698162,0.001291821802
n2_L2_moderate_s3,2,2,moderate,3,0.0523433409,0.02101090375,0.7505389146,0.1293438979,0.05231554883,0.1000937,0.00122234459
n2_L2_moderate_s4,2,2,moderate,4,0.0306181313,0.02743996993,-0.5520582775,0.01763444944,0.06361738275,0.07344882086,0.000724077192
n2_L4_ideal_s0,2,4,ideal,0,-0.050360699,0.02449175869,-0.570733051,-0.07501890213,0.0566796603,2.997047055e-11,2.997047055e-11
n2_L4_ideal_s1,2,4,ideal,1,0.0233108101,0.02906709204,-0.3904983101,0.08605495069,0.06586884814,1.245759051e-11,1.245759051e-11
n2_L4_ideal_s2,2,4,ideal,2,0.0051339172,0.02879300747,-0.3938057922,-0.003655145316,0.06575683131,1.603234212e-11,1.603234212e-11
n2_L4_ideal_s3,2,4,ideal,3,-0.0432297588,0.02713340508,0.5393235088,-0.0874192119,0.06130413629,3.669176074e-12,3.669176074e-12
n2_L4_ideal_s4,2,4,ideal,4,0.0068653647,0.02269326179,-0.6943653647,-0.01413072912,0.05199438362,1.50665036e-11,1.50665036e-11
n2_L4_low_s0,2,4,low,0,0.0106016879,0.02688479123,-0.5479600365,0.03599714593,0.06169235555,0.02277301447,0.0001790771038
n2_L4_low_s1,2,4,low,1,-0.0228797723,0.02891984568,-0.3749177461,-0.07454514449,0.0667275739,0.01558056399,0.0001216481728
n2_L4_low_s2,2,4,low,2,-0.0541428046,0.02844526415,-0.3781083659,-0.1297041341,0.06610398009,0.01569742628,0.00010695222
n2_L4_low_s3,2,4,low,3,-0.0221506215,0.02757161428,0.5178252128,-0.01977833777,0.06344035198,0.02149829603,0.0001469024185
n2_L4_low_s4,2,4,low,4,0.0125537163,0.02449175869,-0.6666699971,0.03776374709,0.05696543511,0.02769536761,0.0002066838508
n2_L4_moderate_s0,2,4,moderate,0,0.000945029,0.02836125801,-0.4992571444,0.00658136323,0.06592829147,0.07147590657,0.005706857666
n2_L4_moderate_s1,2,4,moderate,1,0.0164349948,0.03007633898,-0.3416154679,-0.03851148519,0.06933818019,0.04888284219,0.003880532931
n2_L4_moderate_s2,2,4,moderate,2,-0.0127197868,0.02974454268,-0.3450906215,-0.02014375347,0.06859927572,0.04871517067,0.003255066159
n2_L4_moderate_s3,2,4,moderate,3,0.0176546673,0.02836125801,0.4725915265,0.06427370793,0.06612786457,0.06673198233,0.004475697043
n2_L4_moderate_s4,2,4,moderate,4,-0.0149816533,0.02651364658,-0.6078037343,-0.02427634377,0.06264695339,0.08656163037,0.006493324945
n4_L2_ideal_s0,4,2,ideal,0,-0.0133574235,0.0288186783,0.4000761735,-0.05705859541,0.06530243461,1.169869757e-11,1.169869757e-11
n4_L2_ideal_s1,4,2,ideal,1,-0.0081706542,0.02197672488,-0.7027668458,-0.03282885727,0.05067130426,3.4647063e-11,3.4647063e-11
n4_L2_ideal_s2,4,2,ideal,2,-0.0245840822,0.02984113592,0.3214590822,-0.0655997072,0.06786164897,2.768896223e-13,2.768896223e-13
n4_L2_ideal_s3,4,2,ideal,3,-0.0037705743,0.02404622494,0.6424424493,-0.0342881524,0.05427647735,2.065458915e-12,2.065458915e-12
n4_L2_ideal_s4,4,2,ideal,4,0.028842176,0.02414702284,-0.663607801,0.06277772293,0.05471553414,2.697753132e-11,2.697753132e-11
n4_L2_low_s0,4,2,low,0,-0.0257992733,0.02958279013,0.3688554478,-0.01558396338,0.06781022298,0.03122072572,0.0001757174995
n4_L2_low_s1,4,2,low,1,0.035422372,0.02554151741,-0.6479305731,0.1061825262,0.05846298796,0.05483627275,0.0003026876127
n4_L2_low_s2,4,2,low,2,-0.0791966783,0.0306359399,0.2962857375,-0.1034146437,0.06995786451,0.02517334468,0.0002362230802
n4_L2_low_s3,4,2,low,3,-0.016755184,0.02628164189,0.5922767093,-0.02684702182,0.06078569454,0.05016573998,0.0003163059578
n4_L2_low_s4,4,2,low,4,-0.0199464033,0.02505476437,-0.6118321743,-0.01634165378,0.05822787045,0.05177562668,0.0002802916058
n4_L2_moderate_s0,4,2,moderate,0,0.0061510141,0.03014413847,0.3086649319,0.04997764616,0.06943849539,0.09141124156,0.004731513754
n4_L2_moderate_s1,4,2,moderate,1,0.0231986705,0.02821805184,-0.5423235385,0.0501360385,0.06565020182,0.1604433073,0.008147235286
n4_L2_moderate_s2,4,2,moderate,2,0.0157877903,0.03052026355,0.246242065,-0.02578308061,0.06997421258,0.07521701719,0.00606696819
n4_L2_moderate_s3,4,2,moderate,3,-0.0239853345,0.0288186783,0.495019291,-0.04409155663,0.06678687913,0.1474231583,0.008411132711
n4_L2_moderate_s4,4,2,moderate,4,-0.0113679267,0.02807079761,-0.5121965039,-0.02735427734,0.06562243812,0.1514112971,0.007575542103
n4_L4_ideal_s0,4,4,ideal,0,0.0076630451,0.02841742079,0.4083525799,0.05893257628,0.06536618842,1.64284697e-11,1.64284697e-11
n4_L4_ideal_s1,4,4,ideal,1,-0.0025573753,0.02947713708,-0.3294738747,-0.006219484676,0.06733258205,2.385797115e-11,2.385797115e-11
n4_L4_ideal_s2,4,4,ideal,2,0.0111336798,0.02901860645,-0.3822274298,-0.003514757733,0.06639024247,3.286781958e-11,3.286781958e-11
n4_L4_ideal_s3,4,4,ideal,3,0.0139903523,0.02519022277,0.5778065227,0.03474230542,0.05797465158,1.633071456e-11,1.633071456e-11
n4_L4_ideal_s4,4,4,ideal,4,-0.0276350606,0.02841742079,-0.3883805644,-0.1057600606,0.06560850351,3.552924621e-11,3.552924621e-11
n4_L4_low_s0,4,4,low,0,0.0050066688,0.02947713708,0.3747392397,0.02003615087,0.06814982748,0.03361334017,0.002073117992
n4_L4_low_s1,4,4,low,1,-0.0365051265,0.02982209214,-0.3021749475,-0.1131082556,0.06896155444,0.02729892716,0.001866135576
n4_L4_low_s2,4,4,low,2,0.0211991229,0.0299159446,-0.3511975545,0.05603153889,0.06861611035,0.03102987531,0.001471057537
n4_L4_low_s3,4,4,low,3,0.0175248833,0.02730550817,0.5308271456,0.06145801061,0.06399097073,0.04697937711,0.002301893845
n4_L4_low_s4,4,4,low,4,0.0230920181,0.0299159446,-0.3564692604,0.03762160418,0.06875840449,0.03191130402,0.001908788986
n4_L4_moderate_s0,4,4,moderate,0,0.0004796588,0.03062359515,0.2877467377,-0.02358658149,0.07035194225,0.1206058422,0.03980039164
n4_L4_moderate_s1,4,4,moderate,1,0.017026477,0.03093946663,-0.2301730607,0.008493373171,0.07089140124,0.09930081403,0.03466328581
n4_L4_moderate_s2,4,4,moderate,2,0.0074404918,0.03069576884,-0.2751588165,0.02979748836,0.07045520558,0.1070686133,0.02979812081
n4_L4_moderate_s3,4,4,moderate,3,-0.0001206999,0.0298600428,0.4156274748,0.05556393137,0.06918024579,0.1621790479,0.04546194573
n4_L4_moderate_s4,4,4,moderate,4,-0.0089920048,0.03061112372,-0.2751198604,-0.06496803018,0.07039197389,0.113260704,0.03600115114
n6_L2_ideal_s0,6,2,ideal,0,-0.0074675875,0.02844526415,0.4215300875,-0.03017266557,0.06495875785,2.880129468e-11,2.880129468e-11
n6_L2_ideal_s1,6,2,ideal,1,0.0304343981,0.02876718422,0.3601906019,0.01529767928,0.06563401522,1.810751549e-11,1.810751549e-11
n6_L2_ideal_s2,6,2,ideal,2,0.0190409961,0.02939005973,0.3208027539,0.07616990234,0.06747928396,3.947497884e-11,3.947497884e-11
n6_L2_ideal_s3,6,2,ideal,3,0.0085944001,0.02871507887,-0.4031256501,0.01958072822,0.06555218004,2.10531037e-11,2.10531037e-11
n6_L2_ideal_s4,6,2,ideal,4,0.0712747421,0.02785771841,0.3818502579,0.1237649765,0.06425886927,3.517958147e-11,3.517958147e-11
n6_L2_low_s0,6,2,low,0,0.0289658294,0.02909111245,0.3725577379,0.1035164809,0.06743670378,0.04897234958,0.0009612075628
n6_L2_low_s1,6,2,low,1,0.0057724458,0.02987881303,0.3183334047,0.08230136087,0.06888699211,0.04185719717,0.0008338905836
n6_L2_low_s2,6,2,low,2,0.0093113237,0.03012738838,0.2835577529,-0.01451478406,0.06905124371,0.03724500104,0.0007031978311
n6_L2_low_s3,6,2,low,3,0.0169069293,0.02980291119,-0.3560036531,0.0198220125,0.06864613901,0.047121997,0.00124416329
n6_L2_low_s4,6,2,low,4,0.002012015,0.02974454268,0.3374877869,-0.007897943063,0.06831118298,0.04436247104,0.0008707584385
n6_L2_moderate_s0,6,2,moderate,0,0.0285669698,0.03037957076,0.2763969519,0.08248976691,0.06997930703,0.1451331356,0.02087918282
n6_L2_moderate_s1,6,2,moderate,1,-0.0213148945,0.0308757666,0.2360382889,-0.002395710783,0.07077540856,0.124152313,0.01804155383
n6_L2_moderate_s2,6,2,moderate,2,0.0138897109,0.03078496146,0.2109555671,0.06052880786,0.07064894806,0.1098471868,0.01501233818
n6_L2_moderate_s3,6,2,moderate,3,-0.0297944725,0.03049315429,-0.2603721801,-0.07971571048,0.07016581518,0.14275347,0.02570343613
n6_L2_moderate_s4,6,2,moderate,4,-0.0009699801,0.03070735669,0.2504072458,-0.003336933323,0.07043500748,0.1314430121,0.01887270373
n6_L4_ideal_s0,6,4,ideal,0,0.0235810157,0.02993430644,-0.3106903907,-0.03598929678,0.06853827245,1.831457208e-11,1.831457208e-11
n6_L4_ideal_s1,6,4,ideal,1,-0.042819211,0.02874120816,0.435397336,-0.1038543672,0.06518319211,3.979372387e-12,3.979372387e-12
n6_L4_ideal_s2,6,4,ideal,2,0.0328659721,0.02860902097,0.3694777779,0.03066870651,0.06550029381,6.54137855e-12,6.54137855e-12
n6_L4_ideal_s3,6,4,ideal,3,-0.0165111438,0.02906709204,0.3836986438,0.04476815306,0.06656421384,4.224681716e-11,4.224681716e-11
n6_L4_ideal_s4,6,4,ideal,4,0.0192545719,0.02918572002,0.3381673031,0.03024090004,0.06683430388,3.96684352e-11,3.96684352e-11
n6_L4_low_s0,6,4,low,0,-0.0260299783,0.03028893843,-0.270465314,-0.04056984218,0.06966838754,0.04022507668,0.00537048294
n6_L4_low_s1,6,4,low,1,-0.0094385787,0.02980291119,0.3794803543,0.04312706755,0.06885344696,0.05591698165,0.007013729003
n6_L4_low_s2,6,4,low,2,-0.0259222734,0.03027337597,0.3240331146,-0.08892569266,0.06936741294,0.04544466334,0.003686840867
n6_L4_low_s3,6,4,low,3,-0.0138064244,0.03012738838,0.3355944509,-0.06191281028,0.06922231476,0.04810419292,0.004856472626
n6_L4_low_s4,6,4,low,4,-0.0325746741,0.03053362615,0.2957213619,-0.04694206503,0.06999480103,0.04244594117,0.004336625866
n6_L4_moderate_s0,6,4,moderate,0,-0.0482406521,0.03089458292,-0.1644444068,-0.1309657494,0.07084127863,0.1462459839,0.07232017746
n6_L4_moderate_s1,6,4,moderate,1,-0.017305598,0.03098927452,0.2338947089,-0.02491033389,0.07098058363,0.2015026271,0.096355512
n6_L4_moderate_s2,6,4,moderate,2,-0.0268520463,0.03104182283,0.2156941443,-0.04162187866,0.07105438548,0.1537836336,0.05681856281
n6_L4_moderate_s3,6,4,moderate,3,-0.0238981616,0.03104182283,0.2161066157,-0.05765935009,0.07103366001,0.1675920281,0.07044153119
n6_L4_moderate_s4,6,4,moderate,4,-0.0061743495,0.03104182283,0.1898369269,-0.009905286309,0.07104735641,0.1483303762,0.06298938964
