n_qubits,depth_layers,noise_level,seed,scheme,repetitions,shots_lambda1,shots_lambda3,shots_lambda5,total_shots,E_exact,mean_E0,bias,empirical_std,rmse,theoretical_std
2,2,low,0,uniform,50,1024,1024,1024,3072,0.7273383662,0.6973681641,-0.02997020213,0.05238021733,0.05989178942,0.07138932376
2,2,low,0,optimal,50,1646,1097,329,3072,0.7273383662,0.6964928275,-0.03084553871,0.04458723622,0.05384894112,0.06314768703
2,2,low,1,uniform,50,1024,1024,1024,3072,0.3687012084,0.3366162109,-0.03208499745,0.05268818142,0.06123700379,0.07138932376
2,2,low,1,optimal,50,1646,1097,329,3072,0.3687012084,0.3520264122,-0.01667479622,0.0738790941,0.07501337856,0.06314768703
2,2,low,2,uniform,50,1024,1024,1024,3072,-0.8724803118,-0.8401171875,0.0323631243,0.04173260538,0.0524799958,0.07138932376
2,2,low,2,optimal,50,1646,1097,329,3072,-0.8724803118,-0.8353970572,0.03708325464,0.03469732074,0.0505469461,0.06314768703
2,2,low,3,uniform,50,1024,1024,1024,3072,0.8506326146,0.8053710938,-0.04526152082,0.04100361195,0.06079700269,0.07138932376
2,2,low,3,optimal,50,1646,1097,329,3072,0.8506326146,0.809199434,-0.04143318057,0.03226047471,0.05231282745,0.06314768703
2,2,low,4,uniform,50,1024,1024,1024,3072,-0.6255070984,-0.6028564453,0.0226506531,0.06314725388,0.06648967021,0.07138932376
2,2,low,4,optimal,50,1646,1097,329,3072,-0.6255070984,-0.5940293338,0.03147776457,0.05124104874,0.05969909411,0.06314768703
2,2,moderate,0,uniform,50,1024,1024,1024,3072,0.7273383662,0.6391552734,-0.08818309275,0.06164766582,0.1072412414,0.07138932376
2,2,moderate,0,optimal,50,1646,1097,329,3072,0.7273383662,0.6461546377,-0.0811837285,0.04856944761,0.09435363899,0.06314768703
2,2,moderate,1,uniform,50,1024,1024,1024,3072,0.3687012084,0.3477783203,-0.02092288808,0.06545010218,0.06808677407,0.07138932376
2,2,moderate,1,optimal,50,1646,1097,329,3072,0.3687012084,0.3177217404,-0.05097946803,0.05848553902,0.07714307014,0.06314768703
2,2,moderate,2,uniform,50,1024,1024,1024,3072,-0.8724803118,-0.7815966797,0.09088363211,0.0429306028,0.1003295097,0.07138932376
2,2,moderate,2,optimal,50,1646,1097,329,3072,-0.8724803118,-0.7718509797,0.1006293321,0.04575095832,0.1103519355,0.06314768703
2,2,moderate,3,uniform,50,1024,1024,1024,3072,0.8506326146,0.7384082031,-0.1122244114,0.05634365287,0.1253213214,0.07138932376
2,2,moderate,3,optimal,50,1646,1097,329,3072,0.8506326146,0.7473834434,-0.1032491712,0.04625335749,0.1129467882,0.06314768703
2,2,moderate,4,uniform,50,1024,1024,1024,3072,-0.6255070984,-0.5522900391,0.07321705935,0.05727257162,0.0926028201,0.07138932376
2,2,moderate,4,optimal,50,1646,1097,329,3072,-0.6255070984,-0.545922033,0.07958506547,0.05790952626,0.0980827488,0.06314768703
2,4,low,0,uniform,50,1024,1024,1024,3072,-0.570733051,-0.5506640625,0.02006898853,0.06097055414,0.06360679683,0.07138932376
2,4,low,0,optimal,50,1646,1097,329,3072,-0.570733051,-0.5505250337,0.02020801736,0.05293830938,0.05616742181,0.06314768703
2,4,low,1,uniform,50,1024,1024,1024,3072,-0.3904983101,-0.3694677734,0.02103053668,0.0663797316,0.06899584672,0.07138932376
2,4,low,1,optimal,50,1646,1097,329,3072,-0.3904983101,-0.3689728555,0.02152545466,0.05472601697,0.058295655,0.06314768703
2,4,low,2,uniform,50,1024,1024,1024,3072,-0.3938057922,-0.3697900391,0.02401575316,0.07714557742,0.0800572777,0.07138932376
2,4,low,2,optimal,50,1646,1097,329,3072,-0.3938057922,-0.383099088,0.01070670419,0.06562667648,0.06584342767,0.06314768703
2,4,low,3,uniform,50,1024,1024,1024,3072,0.5393235088,0.5113427734,-0.02798073536,0.05357016176,0.05996072496,0.07138932376
2,4,low,3,optimal,50,1646,1097,329,3072,0.5393235088,0.5083350627,-0.03098844609,0.04772727331,0.05650326147,0.06314768703
2,4,low,4,uniform,50,1024,1024,1024,3072,-0.6943653647,-0.6586230469,0.03574231784,0.0580777873,0.06769846435,0.07138932376
2,4,low,4,optimal,50,1646,1097,329,3072,-0.6943653647,-0.6707063227,0.02365904202,0.04564368651,0.05100421027,0.06314768703
2,4,moderate,0,uniform,50,1024,1024,1024,3072,-0.570733051,-0.4996484375,0.07108461353,0.06945024971,0.09889334013,0.07138932376
2,4,moderate,0,optimal,50,1646,1097,329,3072,-0.570733051,-0.4974585346,0.07327451642,0.05114026108,0.08906275616,0.06314768703
2,4,moderate,1,uniform,50,1024,1024,1024,3072,-0.3904983101,-0.3375439453,0.0529543648,0.07385952184,0.0902789518,0.07138932376
2,4,moderate,1,optimal,50,1646,1097,329,3072,-0.3904983101,-0.3327144785,0.05778383165,0.05667141155,0.08053810968,0.06314768703
2,4,moderate,2,uniform,50,1024,1024,1024,3072,-0.3938057922,-0.3338085937,0.05999719847,0.07443170761,0.09502074163,0.07138932376
2,4,moderate,2,optimal,50,1646,1097,329,3072,-0.3938057922,-0.3437876345,0.05001815774,0.05324478215,0.07266445344,0.06314768703
2,4,moderate,3,uniform,50,1024,1024,1024,3072,0.5393235088,0.466171875,-0.0731516338,0.07049245422,0.1010987829,0.07138932376
2,4,moderate,3,optimal,50,1646,1097,329,3072,0.5393235088,0.4685741294,-0.07074937941,0.04983908363,0.08625387098,0.06314768703
2,4,moderate,4,uniform,50,1024,1024,1024,3072,-0.6943653647,-0.607421875,0.08694348972,0.06628140624,0.1089244267,0.07138932376
2,4,moderate,4,optimal,50,1646,1097,329,3072,-0.6943653647,-0.6143676835,0.07999768122,0.06011606784,0.0997060268,0.06314768703
4,2,low,0,uniform,50,1024,1024,1024,3072,0.4000761735,0.3512646484,-0.04881152505,0.06479009449,0.08060003843,0.07138932376
4,2,low,0,optimal,50,1646,1097,329,3072,0.4000761735,0.3697032382,-0.03037293529,0.05442534932,0.06184974918,0.06314768703
4,2,low,1,uniform,50,1024,1024,1024,3072,-0.7027668458,-0.6521142578,0.05065258795,0.06594858367,0.082631205,0.07138932376
4,2,low,1,optimal,50,1646,1097,329,3072,-0.7027668458,-0.6501626377,0.05260420801,0.05186910038,0.07351053124,0.06314768703
4,2,low,2,uniform,50,1024,1024,1024,3072,0.3214590822,0.2963671875,-0.0250918947,0.06682546559,0.07075261955,0.07138932376
4,2,low,2,optimal,50,1646,1097,329,3072,0.3214590822,0.2934866578,-0.02797242436,0.04912435656,0.05610164778,0.06314768703
4,2,low,3,uniform,50,1024,1024,1024,3072,0.6424424493,0.5964746094,-0.04596783993,0.05509382635,0.07132787264,0.07138932376
4,2,low,3,optimal,50,1646,1097,329,3072,0.6424424493,0.6031475645,-0.03929488477,0.05588363987,0.06785727337,0.06314768703
4,2,low,4,uniform,50,1024,1024,1024,3072,-0.663607801,-0.6087402344,0.05486756659,0.07362490357,0.09122863455,0.07138932376
4,2,low,4,optimal,50,1646,1097,329,3072,-0.663607801,-0.6138508564,0.04975694456,0.0541119932,0.07311155301,0.06314768703
4,2,moderate,0,uniform,50,1024,1024,1024,3072,0.4000761735,0.3190576172,-0.0810185563,0.07115750326,0.1073598106,0.07138932376
4,2,moderate,0,optimal,50,1646,1097,329,3072,0.4000761735,0.3109897741,-0.08908639943,0.06977760185,0.1127294194,0.06314768703
4,2,moderate,1,uniform,50,1024,1024,1024,3072,-0.7027668458,-0.5327246094,0.1700422364,0.06320060422,0.1811871745,0.07138932376
4,2,moderate,1,optimal,50,1646,1097,329,3072,-0.7027668458,-0.5529086445,0.1498582012,0.06133846804,0.1616930425,0.06314768703
4,2,moderate,2,uniform,50,1024,1024,1024,3072,0.3214590822,0.2381347656,-0.08332431657,0.07346042635,0.1105958737,0.07138932376
4,2,moderate,2,optimal,50,1646,1097,329,3072,0.3214590822,0.2487532465,-0.07270583573,0.05814229707,0.09273108823,0.06314768703
4,2,moderate,3,uniform,50,1024,1024,1024,3072,0.6424424493,0.5006689453,-0.141773504,0.05857159067,0.1531722724,0.07138932376
4,2,moderate,3,optimal,50,1646,1097,329,3072,0.6424424493,0.493128918,-0.1493135313,0.06003447029,0.1607065198,0.06314768703
4,2,moderate,4,uniform,50,1024,1024,1024,3072,-0.663607801,-0.5215332031,0.1420745978,0.05735766279,0.1530009634,0.07138932376
4,2,moderate,4,optimal,50,1646,1097,329,3072,-0.663607801,-0.5036964011,0.1599113999,0.0584642902,0.1700628342,0.06314768703
4,4,low,0,uniform,50,1024,1024,1024,3072,0.4083525799,0.3682617188,-0.04009086113,0.05141320446,0.06478987874,0.07138932376
4,4,low,0,optimal,50,1646,1097,329,3072,0.4083525799,0.3854247116,-0.02292786832,0.06658629492,0.06979073809,0.06314768703
4,4,low,1,uniform,50,1024,1024,1024,3072,-0.3294738747,-0.2908691406,0.03860473405,0.06926073874,0.07868566848,0.07138932376
4,4,low,1,optimal,50,1646,1097,329,3072,-0.3294738747,-0.3140414444,0.01543243028,0.06246390814,0.06373276181,0.06314768703
4,4,low,2,uniform,50,1024,1024,1024,3072,-0.3822274298,-0.3421337891,0.04009364078,0.07310440727,0.08273372532,0.07138932376
4,4,low,2,optimal,50,1646,1097,329,3072,-0.3822274298,-0.3392676365,0.04295979335,0.05334633136,0.06807685578,0.06314768703
4,4,low,3,uniform,50,1024,1024,1024,3072,0.5778065227,0.5216210937,-0.05618542897,0.05758663353,0.08004185394,0.07138932376
4,4,low,3,optimal,50,1646,1097,329,3072,0.5778065227,0.5283395624,-0.04946696031,0.05851771902,0.0761762242,0.06314768703
4,4,low,4,uniform,50,1024,1024,1024,3072,-0.3883805644,-0.3482080078,0.04017255655,0.06410867537,0.0751103063,0.07138932376
4,4,low,4,optimal,50,1646,1097,329,3072,-0.3883805644,-0.3572198333,0.0311607311,0.05979956256,0.06689887213,0.06314768703
4,4,moderate,0,uniform,50,1024,1024,1024,3072,0.4083525799,0.2819042969,-0.126448283,0.07059271443,0.1444743333,0.07138932376
4,4,moderate,0,optimal,50,1646,1097,329,3072,0.4083525799,0.2990236293,-0.1093289506,0.0595707559,0.1242196478,0.06314768703
4,4,moderate,1,uniform,50,1024,1024,1024,3072,-0.3294738747,-0.2256347656,0.103839109,0.06805333622,0.1237788027,0.07138932376
4,4,moderate,1,optimal,50,1646,1097,329,3072,-0.3294738747,-0.2378798628,0.09159401188,0.06281932074,0.1107104545,0.06314768703
4,4,moderate,2,uniform,50,1024,1024,1024,3072,-0.3822274298,-0.2836181641,0.09860926578,0.06162066203,0.1159523659,0.07138932376
4,4,moderate,2,optimal,50,1646,1097,329,3072,-0.3822274298,-0.2575489092,0.1246785206,0.05114207315,0.1345657271,0.06314768703
4,4,moderate,3,uniform,50,1024,1024,1024,3072,0.5778065227,0.4349560547,-0.142850468,0.0707610494,0.1591013507,0.07138932376
4,4,moderate,3,optimal,50,1646,1097,329,3072,0.5778065227,0.424264152,-0.1535423708,0.07698378386,0.1714153801,0.06314768703
4,4,moderate,4,uniform,50,1024,1024,1024,3072,-0.3883805644,-0.2724023437,0.1159782206,0.0656197037,0.1329314645,0.07138932376
4,4,moderate,4,optimal,50,1646,1097,329,3072,-0.3883805644,-0.2824817461,0.1058988183,0.05769702579,0.1203201046,0.06314768703
6,2,low,0,uniform,50,1024,1024,1024,3072,0.4215300875,0.3706933594,-0.05083672816,0.07372162121,0.08894128859,0.07138932376
6,2,low,0,optimal,50,1646,1097,329,3072,0.4215300875,0.374946646,-0.04658344157,0.05862034779,0.07441528943,0.06314768703
6,2,low,1,uniform,50,1024,1024,1024,3072,0.3601906019,0.3121923828,-0.04799821907,0.06349504877,0.07908740625,0.07138932376
6,2,low,1,optimal,50,1646,1097,329,3072,0.3601906019,0.3215054114,-0.03868519049,0.05299407453,0.06518242447,0.06314768703
6,2,low,2,uniform,50,1024,1024,1024,3072,0.3208027539,0.2835058594,-0.03729689457,0.06223565387,0.07201992381,0.07138932376
6,2,low,2,optimal,50,1646,1097,329,3072,0.3208027539,0.2915759722,-0.02922678174,0.05446536584,0.06132985672,0.06314768703
6,2,low,3,uniform,50,1024,1024,1024,3072,-0.4031256501,-0.3511914063,0.05193424383,0.07121862893,0.08756607178,0.07138932376
6,2,low,3,optimal,50,1646,1097,329,3072,-0.4031256501,-0.3435964101,0.05952924,0.05574622254,0.08117400394,0.06314768703
6,2,low,4,uniform,50,1024,1024,1024,3072,0.3818502579,0.3359326172,-0.04591764075,0.06379554862,0.07808267616,0.07138932376
6,2,low,4,optimal,50,1646,1097,329,3072,0.3818502579,0.3404596387,-0.04139061928,0.05778140121,0.07060523978,0.06314768703
6,2,moderate,0,uniform,50,1024,1024,1024,3072,0.4215300875,0.2840625,-0.1374675875,0.07806456802,0.15770077,0.07138932376
6,2,moderate,0,optimal,50,1646,1097,329,3072,0.4215300875,0.2779172855,-0.1436128021,0.05614086097,0.1539915493,0.06314768703
6,2,moderate,1,uniform,50,1024,1024,1024,3072,0.3601906019,0.2366064453,-0.1235841566,0.07019628509,0.1417815638,0.07138932376
6,2,moderate,1,optimal,50,1646,1097,329,3072,0.3601906019,0.2255182197,-0.1346723822,0.06129911382,0.1477128303,0.06314768703
6,2,moderate,2,uniform,50,1024,1024,1024,3072,0.3208027539,0.2164746094,-0.1043281446,0.06756683,0.1239287406,0.07138932376
6,2,moderate,2,optimal,50,1646,1097,329,3072,0.3208027539,0.21796246,-0.1028402939,0.06223054596,0.1198804158,0.06314768703
6,2,moderate,3,uniform,50,1024,1024,1024,3072,-0.4031256501,-0.2644726562,0.1386529938,0.07491475275,0.1572406705,0.07138932376
6,2,moderate,3,optimal,50,1646,1097,329,3072,-0.4031256501,-0.2408282281,0.1622974219,0.0569729141,0.1718180661,0.06314768703
6,2,moderate,4,uniform,50,1024,1024,1024,3072,0.3818502579,0.2519580078,-0.1298922501,0.0707730027,0.1475826487,0.07138932376
6,2,moderate,4,optimal,50,1646,1097,329,3072,0.3818502579,0.2540451825,-0.1278050755,0.06884837448,0.1448427907,0.06314768703
6,4,low,0,uniform,50,1024,1024,1024,3072,-0.3106903907,-0.2722119141,0.03847847662,0.07409515891,0.08283045265,0.07138932376
6,4,low,0,optimal,50,1646,1097,329,3072,-0.3106903907,-0.270571759,0.04011863167,0.05681835728,0.06908881108,0.06314768703
6,4,low,1,uniform,50,1024,1024,1024,3072,0.435397336,0.3747119141,-0.06068542194,0.07264279761,0.09409653001,0.07138932376
6,4,low,1,optimal,50,1646,1097,329,3072,0.435397336,0.3862495172,-0.04914781877,0.06324026749,0.07959178911,0.06314768703
6,4,low,2,uniform,50,1024,1024,1024,3072,0.3694777779,0.3391113281,-0.03036644978,0.06822979716,0.0740561975,0.07138932376
6,4,low,2,optimal,50,1646,1097,329,3072,0.3694777779,0.3251958007,-0.04428197719,0.0569655689,0.07170124144,0.06314768703
6,4,low,3,uniform,50,1024,1024,1024,3072,0.3836986438,0.3208105469,-0.06288809688,0.06037727314,0.08676070273,0.07138932376
6,4,low,3,optimal,50,1646,1097,329,3072,0.3836986438,0.3313467301,-0.05235191361,0.06355102234,0.08184546811,0.06314768703
6,4,low,4,uniform,50,1024,1024,1024,3072,0.3381673031,0.2890625,-0.04910480315,0.07390219669,0.08811121196,0.07138932376
6,4,low,4,optimal,50,1646,1097,329,3072,0.3381673031,0.2938047766,-0.04436252652,0.06477936215,0.07797738265,0.06314768703
6,4,moderate,0,uniform,50,1024,1024,1024,3072,-0.3106903907,-0.1775195313,0.1331708594,0.06306695964,0.1470794696,0.07138932376
6,4,moderate,0,optimal,50,1646,1097,329,3072,-0.3106903907,-0.1814319762,0.1292584145,0.06138065162,0.142828465,0.06314768703
6,4,moderate,1,uniform,50,1024,1024,1024,3072,0.435397336,0.2331054687,-0.2022918673,0.06974087828,0.2137487166,0.07138932376
6,4,moderate,1,optimal,50,1646,1097,329,3072,0.435397336,0.2421208266,-0.1932765094,0.05680450492,0.2012908985,0.06314768703
6,4,moderate,2,uniform,50,1024,1024,1024,3072,0.3694777779,0.2138769531,-0.1556008248,0.07689797696,0.1732242753,0.07138932376
6,4,moderate,2,optimal,50,1646,1097,329,3072,0.3694777779,0.2184692801,-0.1510084978,0.06326091819,0.1634792687,0.06314768703
6,4,moderate,3,uniform,50,1024,1024,1024,3072,0.3836986438,0.2245556641,-0.1591429797,0.06721412356,0.172493106,0.07138932376
6,4,moderate,3,optimal,50,1646,1097,329,3072,0.3836986438,0.2235294603,-0.1601691834,0.06978343594,0.1744319371,0.06314768703
6,4,moderate,4,uniform,50,1024,1024,1024,3072,0.3381673031,0.1949072266,-0.1432600766,0.0740870176,0.1609427165,0.07138932376
6,4,moderate,4,optimal,50,1646,1097,329,3072,0.3381673031,0.1956455038,-0.1425217993,0.05644455634,0.1530840666,0.06314768703
