model,n_qubits,depth_layers,noise_level,seed,method,n_train,n_test,n_params,accuracy,precision,recall,f1,tp,fn,fp,tn,mean_abs_E_error,margin_retention,mean_hellinger,agreement_with_exact,train_accuracy_exact,train_loss_final,train_iterations,train_time_s,n_circuits_per_sample,n_circuits_per_sample_amortized,total_shots_eval,base_depth,base_cx,base_1q,time_eval_s
logreg,2,,,0,,80,20,,0.85,1,0.7,0.8235294118,7,3,0,10,,,,,,,,,,,,,,,
logreg,2,,,1,,80,20,,0.9,0.9,0.9,0.9,9,1,1,9,,,,,,,,,,,,,,,
logreg,2,,,2,,80,20,,0.95,0.9090909091,1,0.9523809524,10,0,1,9,,,,,,,,,,,,,,,
logreg,2,,,3,,80,20,,0.95,1,0.9,0.9473684211,9,1,0,10,,,,,,,,,,,,,,,
logreg,2,,,4,,80,20,,0.95,0.9090909091,1,0.9523809524,10,0,1,9,,,,,,,,,,,,,,,
logreg,4,,,0,,80,20,,0.95,1,0.9,0.9473684211,9,1,0,10,,,,,,,,,,,,,,,
logreg,4,,,1,,80,20,,0.85,0.8181818182,0.9,0.8571428571,9,1,2,8,,,,,,,,,,,,,,,
logreg,4,,,2,,80,20,,0.95,0.9090909091,1,0.9523809524,10,0,1,9,,,,,,,,,,,,,,,
logreg,4,,,3,,80,20,,1,1,1,1,10,0,0,10,,,,,,,,,,,,,,,
logreg,4,,,4,,80,20,,0.9,0.9,0.9,0.9,9,1,1,9,,,,,,,,,,,,,,,
svm,2,,,0,,80,20,,0.9,1,0.8,0.8888888889,8,2,0,10,,,,,,,,,,,,,,,
svm,2,,,1,,80,20,,0.9,0.9,0.9,0.9,9,1,1,9,,,,,,,,,,,,,,,
svm,2,,,2,,80,20,,0.95,0.9090909091,1,0.9523809524,10,0,1,9,,,,,,,,,,,,,,,
svm,2,,,3,,80,20,,0.9,0.9,0.9,0.9,9,1,1,9,,,,,,,,,,,,,,,
svm,2,,,4,,80,20,,0.95,0.9090909091,1,0.9523809524,10,0,1,9,,,,,,,,,,,,,,,
svm,4,,,0,,80,20,,0.9,1,0.8,0.8888888889,8,2,0,10,,,,,,,,,,,,,,,
svm,4,,,1,,80,20,,0.85,0.8181818182,0.9,0.8571428571,9,1,2,8,,,,,,,,,,,,,,,
svm,4,,,2,,80,20,,0.95,0.9090909091,1,0.9523809524,10,0,1,9,,,,,,,,,,,,,,,
svm,4,,,3,,80,20,,0.95,0.9090909091,1,0.9523809524,10,0,1,9,,,,,,,,,,,,,,,
svm,4,,,4,,80,20,,0.9,0.9,0.9,0.9,9,1,1,9,,,,,,,,,,,,,,,
vqc,2,2,exact,0,none,80,20,8,0.85,1,0.7,0.8235294118,7,3,0,10,0,1,1,1,0.9375,0.4058694781,246,5.7284965,1,1,0,,,,0
vqc,2,2,exact,1,none,80,20,8,0.9,0.9,0.9,0.9,9,1,1,9,0,1,1,1,0.9,0.4246787773,244,5.8065499,1,1,0,,,,0
vqc,2,2,exact,2,none,80,20,8,0.95,0.9090909091,1,0.9523809524,10,0,1,9,0,1,1,1,0.85,0.485645906,300,7.0431631,1,1,0,,,,0
vqc,2,2,exact,3,none,80,20,8,0.85,1,0.7,0.8235294118,7,3,0,10,0,1,1,1,0.875,0.4509716357,300,7.0354045,1,1,0,,,,0
vqc,2,2,exact,4,none,80,20,8,0.95,0.9090909091,1,0.9523809524,10,0,1,9,0,1,1,1,0.8875,0.4440958209,300,7.1332111,1,1,0,,,,0
vqc,2,2,ideal,0,none,80,20,8,0.85,1,0.7,0.8235294118,7,3,0,10,0.01923717043,1.016441134,0.9993120622,1,0.9375,0.4058694781,246,5.7284965,1,1,20480,7,2,10,0.1555391
vqc,2,2,ideal,0,rem,80,20,8,0.85,1,0.7,0.8235294118,7,3,0,10,0.01923717043,1.016441134,0.9993120622,1,0.9375,0.4058694781,246,5.7284965,5,1.2,24576,7,2,10,0.1555391
vqc,2,2,ideal,0,zne,80,20,8,0.85,1,0.7,0.8235294118,7,3,0,10,0.04496297691,1.021407135,,1,0.9375,0.4058694781,246,5.7284965,3,3,61440,7,2,10,0.1555391
vqc,2,2,ideal,0,zne_rem,80,20,8,0.85,1,0.7,0.8235294118,7,3,0,10,0.04496297691,1.021407135,,1,0.9375,0.4058694781,246,5.7284965,7,3.2,65536,7,2,10,0.1555391
vqc,2,2,ideal,1,none,80,20,8,0.9,0.9,0.9,0.9,9,1,1,9,0.02159755484,0.9917334936,0.9993121777,1,0.9,0.4246787773,244,5.8065499,1,1,20480,7,2,10,0.1489119
vqc,2,2,ideal,1,rem,80,20,8,0.9,0.9,0.9,0.9,9,1,1,9,0.02159755484,0.9917334936,0.9993121777,1,0.9,0.4246787773,244,5.8065499,5,1.2,24576,7,2,10,0.1489119
vqc,2,2,ideal,1,zne,80,20,8,0.9,0.9,0.9,0.9,9,1,1,9,0.06119817127,0.9746992223,,1,0.9,0.4246787773,244,5.8065499,3,3,61440,7,2,10,0.1489119
vqc,2,2,ideal,1,zne_rem,80,20,8,0.9,0.9,0.9,0.9,9,1,1,9,0.06119817127,0.9746992223,,1,0.9,0.4246787773,244,5.8065499,7,3.2,65536,7,2,10,0.1489119
vqc,2,2,ideal,2,none,80,20,8,0.95,0.9090909091,1,0.9523809524,10,0,1,9,0.02328952646,1.00785313,0.9991273577,1,0.85,0.485645906,300,7.0431631,1,1,20480,7,2,10,0.1507759
vqc,2,2,ideal,2,rem,80,20,8,0.95,0.9090909091,1,0.9523809524,10,0,1,9,0.02328952646,1.00785313,0.9991273577,1,0.85,0.485645906,300,7.0431631,5,1.2,24576,7,2,10,0.1507759
vqc,2,2,ideal,2,zne,80,20,8,0.95,0.9090909091,1,0.9523809524,10,0,1,9,0.04961736987,1.004410312,,0.9,0.85,0.485645906,300,7.0431631,3,3,61440,7,2,10,0.1507759
vqc,2,2,ideal,2,zne_rem,80,20,8,0.95,0.9090909091,1,0.9523809524,10,0,1,9,0.04961736987,1.004410312,,0.9,0.85,0.485645906,300,7.0431631,7,3.2,65536,7,2,10,0.1507759
vqc,2,2,ideal,3,none,80,20,8,0.85,1,0.7,0.8235294118,7,3,0,10,0.01940111157,0.9923216946,0.9994132567,1,0.875,0.4509716357,300,7.0354045,1,1,20480,7,2,10,0.1447941
vqc,2,2,ideal,3,rem,80,20,8,0.85,1,0.7,0.8235294118,7,3,0,10,0.01940111157,0.9923216946,0.9994132567,1,0.875,0.4509716357,300,7.0354045,5,1.2,24576,7,2,10,0.1447941
vqc,2,2,ideal,3,zne,80,20,8,0.85,1,0.7,0.8235294118,7,3,0,10,0.0412923274,0.9890008832,,1,0.875,0.4509716357,300,7.0354045,3,3,61440,7,2,10,0.1447941
vqc,2,2,ideal,3,zne_rem,80,20,8,0.85,1,0.7,0.8235294118,7,3,0,10,0.0412923274,0.9890008832,,1,0.875,0.4509716357,300,7.0354045,7,3.2,65536,7,2,10,0.1447941
vqc,2,2,ideal,4,none,80,20,8,0.9,0.8333333333,1,0.9090909091,10,0,2,8,0.01420110307,1.001234238,0.9992491336,0.95,0.8875,0.4440958209,300,7.1332111,1,1,20480,7,2,10,0.1549108
vqc,2,2,ideal,4,rem,80,20,8,0.9,0.8333333333,1,0.9090909091,10,0,2,8,0.01420110307,1.001234238,0.9992491336,0.95,0.8875,0.4440958209,300,7.1332111,5,1.2,24576,7,2,10,0.1549108
vqc,2,2,ideal,4,zne,80,20,8,0.95,0.9090909091,1,0.9523809524,10,0,1,9,0.03025523272,1.036700475,,1,0.8875,0.4440958209,300,7.1332111,3,3,61440,7,2,10,0.1549108
vqc,2,2,ideal,4,zne_rem,80,20,8,0.95,0.9090909091,1,0.9523809524,10,0,1,9,0.03025523272,1.036700475,,1,0.8875,0.4440958209,300,7.1332111,7,3.2,65536,7,2,10,0.1549108
vqc,2,2,low,0,none,80,20,8,0.85,1,0.7,0.8235294118,7,3,0,10,0.03569753615,0.9409579148,0.9986335759,1,0.9375,0.4058694781,246,5.7284965,1,1,20480,7,2,10,0.1927054
vqc,2,2,low,0,rem,80,20,8,0.85,1,0.7,0.8235294118,7,3,0,10,0.02204358939,0.9892216938,0.9991979231,1,0.9375,0.4058694781,246,5.7284965,5,1.2,24576,7,2,10,0.1927054
vqc,2,2,low,0,zne,80,20,8,0.8,0.875,0.7,0.7777777778,7,3,1,9,0.05467033157,0.9518831175,,0.95,0.9375,0.4058694781,246,5.7284965,3,3,61440,7,2,10,0.1927054
vqc,2,2,low,0,zne_rem,80,20,8,0.8,0.875,0.7,0.7777777778,7,3,1,9,0.05433248017,1.000651322,,0.95,0.9375,0.4058694781,246,5.7284965,7,3.2,65536,7,2,10,0.1927054
vqc,2,2,low,1,none,80,20,8,0.85,0.8888888889,0.8,0.8421052632,8,2,1,9,0.02633295005,0.9553461496,0.9989513553,0.95,0.9,0.4246787773,244,5.8065499,1,1,20480,7,2,10,0.1956234
vqc,2,2,low,1,rem,80,20,8,0.85,0.8888888889,0.8,0.8421052632,8,2,1,9,0.02084728613,1.00300717,0.9991131742,0.95,0.9,0.4246787773,244,5.8065499,5,1.2,24576,7,2,10,0.1956234
vqc,2,2,low,1,zne,80,20,8,0.85,0.8888888889,0.8,0.8421052632,8,2,1,9,0.05710147201,0.9940225667,,0.95,0.9,0.4246787773,244,5.8065499,3,3,61440,7,2,10,0.1956234
vqc,2,2,low,1,zne_rem,80,20,8,0.85,0.8888888889,0.8,0.8421052632,8,2,1,9,0.06419879654,1.043657027,,0.95,0.9,0.4246787773,244,5.8065499,7,3.2,65536,7,2,10,0.1956234
vqc,2,2,low,2,none,80,20,8,0.95,0.9090909091,1,0.9523809524,10,0,1,9,0.03088571818,0.9224202353,0.9988474359,1,0.85,0.485645906,300,7.0431631,1,1,20480,7,2,10,0.195656
vqc,2,2,low,2,rem,80,20,8,0.95,0.9090909091,1,0.9523809524,10,0,1,9,0.02100536203,0.9600365337,0.9992597002,1,0.85,0.485645906,300,7.0431631,5,1.2,24576,7,2,10,0.195656
vqc,2,2,low,2,zne,80,20,8,0.9,0.8333333333,1,0.9090909091,10,0,2,8,0.05540860737,0.9108166631,,0.85,0.85,0.485645906,300,7.0431631,3,3,61440,7,2,10,0.195656
vqc,2,2,low,2,zne_rem,80,20,8,0.9,0.8333333333,1,0.9090909091,10,0,2,8,0.05218404003,0.9480888647,,0.85,0.85,0.485645906,300,7.0431631,7,3.2,65536,7,2,10,0.195656
vqc,2,2,low,3,none,80,20,8,0.85,1,0.7,0.8235294118,7,3,0,10,0.02073482335,0.980177013,0.997706247,1,0.875,0.4509716357,300,7.0354045,1,1,20480,7,2,10,0.1948428
vqc,2,2,low,3,rem,80,20,8,0.85,1,0.7,0.8235294118,7,3,0,10,0.02172980808,1.028442621,0.9985765411,1,0.875,0.4509716357,300,7.0354045,5,1.2,24576,7,2,10,0.1948428
vqc,2,2,low,3,zne,80,20,8,0.85,1,0.7,0.8235294118,7,3,0,10,0.0430823887,1.032266312,,1,0.875,0.4509716357,300,7.0354045,3,3,61440,7,2,10,0.1948428
vqc,2,2,low,3,zne_rem,80,20,8,0.85,1,0.7,0.8235294118,7,3,0,10,0.0513415501,1.082411448,,1,0.875,0.4509716357,300,7.0354045,7,3.2,65536,7,2,10,0.1948428
vqc,2,2,low,4,none,80,20,8,0.95,0.9090909091,1,0.9523809524,10,0,1,9,0.02107614928,0.9726056355,0.9969372529,1,0.8875,0.4440958209,300,7.1332111,1,1,20480,7,2,10,0.2177128
vqc,2,2,low,4,rem,80,20,8,0.95,0.9090909091,1,0.9523809524,10,0,1,9,0.01597099874,1.015211557,0.9988473103,1,0.8875,0.4440958209,300,7.1332111,5,1.2,24576,7,2,10,0.2177128
vqc,2,2,low,4,zne,80,20,8,0.9,0.8333333333,1,0.9090909091,10,0,2,8,0.04244878849,1.00005203,,0.95,0.8875,0.4440958209,300,7.1332111,3,3,61440,7,2,10,0.2177128
vqc,2,2,low,4,zne_rem,80,20,8,0.9,0.8333333333,1,0.9090909091,10,0,2,8,0.04646211989,1.043944974,,0.95,0.8875,0.4440958209,300,7.1332111,7,3.2,65536,7,2,10,0.2177128
vqc,2,2,moderate,0,none,80,20,8,0.85,1,0.7,0.8235294118,7,3,0,10,0.1101788601,0.7758880336,0.9923849777,1,0.9375,0.4058694781,246,5.7284965,1,1,20480,7,2,10,0.1954149
vqc,2,2,moderate,0,rem,80,20,8,0.85,1,0.7,0.8235294118,7,3,0,10,0.05082416043,0.8966198912,0.9978299601,1,0.9375,0.4058694781,246,5.7284965,5,1.2,24576,7,2,10,0.1954149
vqc,2,2,moderate,0,zne,80,20,8,0.85,0.8888888889,0.8,0.8421052632,8,2,1,9,0.08699413537,0.8486647817,,0.9,0.9375,0.4058694781,246,5.7284965,3,3,61440,7,2,10,0.1954149
vqc,2,2,moderate,0,zne_rem,80,20,8,0.85,0.8888888889,0.8,0.8421052632,8,2,1,9,0.07189150923,0.9806229697,,0.9,0.9375,0.4058694781,246,5.7284965,7,3.2,65536,7,2,10,0.1954149
vqc,2,2,moderate,1,none,80,20,8,0.85,0.8888888889,0.8,0.8421052632,8,2,1,9,0.09489593947,0.772933778,0.9918414459,0.95,0.9,0.4246787773,244,5.8065499,1,1,20480,7,2,10,0.1938993
vqc,2,2,moderate,1,rem,80,20,8,0.85,0.8888888889,0.8,0.8421052632,8,2,1,9,0.04990002313,0.8884884435,0.9967338784,0.95,0.9,0.4246787773,244,5.8065499,5,1.2,24576,7,2,10,0.1938993
vqc,2,2,moderate,1,zne,80,20,8,0.9,0.9,0.9,0.9,9,1,1,9,0.07261870847,0.8684802842,,1,0.9,0.4246787773,244,5.8065499,3,3,61440,7,2,10,0.1938993
vqc,2,2,moderate,1,zne_rem,80,20,8,0.9,0.9,0.9,0.9,9,1,1,9,0.05546304738,0.9982593233,,1,0.9,0.4246787773,244,5.8065499,7,3.2,65536,7,2,10,0.1938993
vqc,2,2,moderate,2,none,80,20,8,0.9,0.8333333333,1,0.9090909091,10,0,2,8,0.09653706868,0.7732314497,0.9915170182,0.95,0.85,0.485645906,300,7.0431631,1,1,20480,7,2,10,0.1955236
vqc,2,2,moderate,2,rem,80,20,8,0.9,0.8333333333,1,0.9090909091,10,0,2,8,0.06230747483,0.8717283756,0.9964475855,0.95,0.85,0.485645906,300,7.0431631,5,1.2,24576,7,2,10,0.1955236
vqc,2,2,moderate,2,zne,80,20,8,0.9,0.8333333333,1,0.9090909091,10,0,2,8,0.08577046712,0.8365410497,,0.95,0.85,0.485645906,300,7.0431631,3,3,61440,7,2,10,0.1955236
vqc,2,2,moderate,2,zne_rem,80,20,8,0.9,0.8333333333,1,0.9090909091,10,0,2,8,0.06082187085,0.9429265538,,0.95,0.85,0.485645906,300,7.0431631,7,3.2,65536,7,2,10,0.1955236
vqc,2,2,moderate,3,none,80,20,8,0.85,1,0.7,0.8235294118,7,3,0,10,0.07649876268,0.8018020016,0.9859002664,1,0.875,0.4509716357,300,7.0354045,1,1,20480,7,2,10,0.1918195
vqc,2,2,moderate,3,rem,80,20,8,0.85,1,0.7,0.8235294118,7,3,0,10,0.03307244559,0.9164029489,0.994164574,1,0.875,0.4509716357,300,7.0354045,5,1.2,24576,7,2,10,0.1918195
vqc,2,2,moderate,3,zne,80,20,8,0.85,1,0.7,0.8235294118,7,3,0,10,0.06023593997,0.8746384646,,1,0.875,0.4509716357,300,7.0354045,3,3,61440,7,2,10,0.1918195
vqc,2,2,moderate,3,zne_rem,80,20,8,0.85,1,0.7,0.8235294118,7,3,0,10,0.06070607939,1.000253732,,1,0.875,0.4509716357,300,7.0354045,7,3.2,65536,7,2,10,0.1918195
vqc,2,2,moderate,4,none,80,20,8,0.9,0.9,0.9,0.9,9,1,1,9,0.08512061125,0.7949549346,0.9778145007,0.95,0.8875,0.4440958209,300,7.1332111,1,1,20480,7,2,10,0.2262257
vqc,2,2,moderate,4,rem,80,20,8,0.95,0.9090909091,1,0.9523809524,10,0,1,9,0.04982524674,0.9048251307,0.9899076524,1,0.8875,0.4440958209,300,7.1332111,5,1.2,24576,7,2,10,0.2262257
vqc,2,2,moderate,4,zne,80,20,8,0.85,0.7692307692,1,0.8695652174,10,0,3,7,0.06853918483,0.8714789326,,0.9,0.8875,0.4440958209,300,7.1332111,3,3,61440,7,2,10,0.2262257
vqc,2,2,moderate,4,zne_rem,80,20,8,0.85,0.7692307692,1,0.8695652174,10,0,3,7,0.06641853983,0.9916275527,,0.9,0.8875,0.4440958209,300,7.1332111,7,3.2,65536,7,2,10,0.2262257
vqc,2,2,high,0,none,80,20,8,0.8,0.875,0.7,0.7777777778,7,3,1,9,0.2011944851,0.5907555074,0.9754599563,0.95,0.9375,0.4058694781,246,5.7284965,1,1,20480,7,2,10,0.192203
vqc,2,2,high,0,rem,80,20,8,0.8,0.875,0.7,0.7777777778,7,3,1,9,0.1255113945,0.7447005222,0.9875180621,0.95,0.9375,0.4058694781,246,5.7284965,5,1.2,24576,7,2,10,0.192203
vqc,2,2,high,0,zne,80,20,8,0.8,0.875,0.7,0.7777777778,7,3,1,9,0.129808246,0.7607417298,,0.95,0.9375,0.4058694781,246,5.7284965,3,3,61440,7,2,10,0.192203
vqc,2,2,high,0,zne_rem,80,20,8,0.8,0.875,0.7,0.7777777778,7,3,1,9,0.07324991025,0.9569906149,,0.95,0.9375,0.4058694781,246,5.7284965,7,3.2,65536,7,2,10,0.192203
vqc,2,2,high,1,none,80,20,8,0.9,0.9,0.9,0.9,9,1,1,9,0.1752855489,0.576965337,0.9771391733,1,0.9,0.4246787773,244,5.8065499,1,1,20480,7,2,10,0.1935481
vqc,2,2,high,1,rem,80,20,8,0.9,0.9,0.9,0.9,9,1,1,9,0.108651262,0.7454776989,0.9878431196,1,0.9,0.4246787773,244,5.8065499,5,1.2,24576,7,2,10,0.1935481
vqc,2,2,high,1,zne,80,20,8,0.9,0.9,0.9,0.9,9,1,1,9,0.1063397227,0.7596452626,,1,0.9,0.4246787773,244,5.8065499,3,3,61440,7,2,10,0.1935481
vqc,2,2,high,1,zne_rem,80,20,8,0.9,0.9,0.9,0.9,9,1,1,9,0.0628783341,0.9802219916,,1,0.9,0.4246787773,244,5.8065499,7,3.2,65536,7,2,10,0.1935481
vqc,2,2,high,2,none,80,20,8,0.85,0.7692307692,1,0.8695652174,10,0,3,7,0.1659381112,0.5666623619,0.9694394793,0.9,0.85,0.485645906,300,7.0431631,1,1,20480,7,2,10,0.198903
vqc,2,2,high,2,rem,80,20,8,0.85,0.7692307692,1,0.8695652174,10,0,3,7,0.1036003993,0.7375078452,0.9844568184,0.9,0.85,0.485645906,300,7.0431631,5,1.2,24576,7,2,10,0.198903
vqc,2,2,high,2,zne,80,20,8,0.9,0.8333333333,1,0.9090909091,10,0,2,8,0.1111295962,0.7282835463,,0.85,0.85,0.485645906,300,7.0431631,3,3,61440,7,2,10,0.198903
vqc,2,2,high,2,zne_rem,80,20,8,0.9,0.8333333333,1,0.9090909091,10,0,2,8,0.05624328198,0.947197991,,0.85,0.85,0.485645906,300,7.0431631,7,3.2,65536,7,2,10,0.198903
vqc,2,2,high,3,none,80,20,8,0.85,1,0.7,0.8235294118,7,3,0,10,0.1553073564,0.5976195417,0.9586983307,1,0.875,0.4509716357,300,7.0354045,1,1,20480,7,2,10,0.1933644
vqc,2,2,high,3,rem,80,20,8,0.85,1,0.7,0.8235294118,7,3,0,10,0.08607269366,0.7769972349,0.976735748,1,0.875,0.4509716357,300,7.0354045,5,1.2,24576,7,2,10,0.1933644
vqc,2,2,high,3,zne,80,20,8,0.9,1,0.8,0.8888888889,8,2,0,10,0.08028484237,0.8000309022,,0.95,0.875,0.4509716357,300,7.0354045,3,3,61440,7,2,10,0.1933644
vqc,2,2,high,3,zne_rem,80,20,8,0.9,1,0.8,0.8888888889,8,2,0,10,0.04888606838,1.034628865,,0.95,0.875,0.4509716357,300,7.0354045,7,3.2,65536,7,2,10,0.1933644
vqc,2,2,high,4,none,80,20,8,0.8,0.8,0.8,0.8,8,2,2,8,0.159684712,0.5820297062,0.9305443677,0.85,0.8875,0.4440958209,300,7.1332111,1,1,20480,7,2,10,0.2553212
vqc,2,2,high,4,rem,80,20,8,0.85,0.8181818182,0.9,0.8571428571,9,1,2,8,0.09368651282,0.7581045968,0.9580822741,0.9,0.8875,0.4440958209,300,7.1332111,5,1.2,24576,7,2,10,0.2553212
vqc,2,2,high,4,zne,80,20,8,0.85,0.8181818182,0.9,0.8571428571,9,1,2,8,0.09625166243,0.7792986678,,0.9,0.8875,0.4440958209,300,7.1332111,3,3,61440,7,2,10,0.2553212
vqc,2,2,high,4,zne_rem,80,20,8,0.8,0.75,0.9,0.8181818182,9,1,3,7,0.08206317626,1.015300753,,0.85,0.8875,0.4440958209,300,7.1332111,7,3.2,65536,7,2,10,0.2553212
vqc,2,4,exact,0,none,80,20,16,0.9,1,0.8,0.8888888889,8,2,0,10,0,1,1,1,0.9375,0.3500669082,400,14.2185048,1,1,0,,,,0
vqc,2,4,exact,1,none,80,20,16,0.9,0.9,0.9,0.9,9,1,1,9,0,1,1,1,0.8875,0.3731046402,400,14.3288855,1,1,0,,,,0
vqc,2,4,exact,2,none,80,20,16,0.95,0.9090909091,1,0.9523809524,10,0,1,9,0,1,1,1,0.875,0.4041047297,400,14.2987214,1,1,0,,,,0
vqc,2,4,exact,3,none,80,20,16,0.9,0.9,0.9,0.9,9,1,1,9,0,1,1,1,0.9125,0.3632149472,400,14.3280702,1,1,0,,,,0
vqc,2,4,exact,4,none,80,20,16,0.95,0.9090909091,1,0.9523809524,10,0,1,9,0,1,1,1,0.8875,0.4387600786,400,14.5912848,1,1,0,,,,0
vqc,2,4,ideal,0,none,80,20,16,0.9,1,0.8,0.8888888889,8,2,0,10,0.01382009326,0.9954368421,0.99919962,1,0.9375,0.3500669082,400,14.2185048,1,1,20480,13,4,18,0.1788822
vqc,2,4,ideal,0,rem,80,20,16,0.9,1,0.8,0.8888888889,8,2,0,10,0.01382009326,0.9954368421,0.99919962,1,0.9375,0.3500669082,400,14.2185048,5,1.2,24576,13,4,18,0.1788822
vqc,2,4,ideal,0,zne,80,20,16,0.85,1,0.7,0.8235294118,7,3,0,10,0.03788774616,0.9783624134,,0.95,0.9375,0.3500669082,400,14.2185048,3,3,61440,13,4,18,0.1788822
vqc,2,4,ideal,0,zne_rem,80,20,16,0.85,1,0.7,0.8235294118,7,3,0,10,0.03788774616,0.9783624134,,0.95,0.9375,0.3500669082,400,14.2185048,7,3.2,65536,13,4,18,0.1788822
vqc,2,4,ideal,1,none,80,20,16,0.9,0.9,0.9,0.9,9,1,1,9,0.01603720166,1.010543337,0.9994518264,1,0.8875,0.3731046402,400,14.3288855,1,1,20480,13,4,18,0.1902818
vqc,2,4,ideal,1,rem,80,20,16,0.9,0.9,0.9,0.9,9,1,1,9,0.01603720166,1.010543337,0.9994518264,1,0.8875,0.3731046402,400,14.3288855,5,1.2,24576,13,4,18,0.1902818
vqc,2,4,ideal,1,zne,80,20,16,0.9,0.9,0.9,0.9,9,1,1,9,0.03600125869,1.026425175,,1,0.8875,0.3731046402,400,14.3288855,3,3,61440,13,4,18,0.1902818
vqc,2,4,ideal,1,zne_rem,80,20,16,0.9,0.9,0.9,0.9,9,1,1,9,0.03600125869,1.026425175,,1,0.8875,0.3731046402,400,14.3288855,7,3.2,65536,13,4,18,0.1902818
vqc,2,4,ideal,2,none,80,20,16,0.95,0.9090909091,1,0.9523809524,10,0,1,9,0.02205331878,0.995335149,0.9993428705,1,0.875,0.4041047297,400,14.2987214,1,1,20480,13,4,18,0.1877087
vqc,2,4,ideal,2,rem,80,20,16,0.95,0.9090909091,1,0.9523809524,10,0,1,9,0.02205331878,0.995335149,0.9993428705,1,0.875,0.4041047297,400,14.2987214,5,1.2,24576,13,4,18,0.1877087
vqc,2,4,ideal,2,zne,80,20,16,0.95,0.9090909091,1,0.9523809524,10,0,1,9,0.03869902066,1.027640391,,1,0.875,0.4041047297,400,14.2987214,3,3,61440,13,4,18,0.1877087
vqc,2,4,ideal,2,zne_rem,80,20,16,0.95,0.9090909091,1,0.9523809524,10,0,1,9,0.03869902066,1.027640391,,1,0.875,0.4041047297,400,14.2987214,7,3.2,65536,13,4,18,0.1877087
vqc,2,4,ideal,3,none,80,20,16,0.95,1,0.9,0.9473684211,9,1,0,10,0.01550731665,0.9955029503,0.999386694,0.95,0.9125,0.3632149472,400,14.3280702,1,1,20480,13,4,18,0.2106303
vqc,2,4,ideal,3,rem,80,20,16,0.95,1,0.9,0.9473684211,9,1,0,10,0.01550731665,0.9955029503,0.999386694,0.95,0.9125,0.3632149472,400,14.3280702,5,1.2,24576,13,4,18,0.2106303
vqc,2,4,ideal,3,zne,80,20,16,0.95,1,0.9,0.9473684211,9,1,0,10,0.03657270687,0.9985146479,,0.95,0.9125,0.3632149472,400,14.3280702,3,3,61440,13,4,18,0.2106303
vqc,2,4,ideal,3,zne_rem,80,20,16,0.95,1,0.9,0.9473684211,9,1,0,10,0.03657270687,0.9985146479,,0.95,0.9125,0.3632149472,400,14.3280702,7,3.2,65536,13,4,18,0.2106303
vqc,2,4,ideal,4,none,80,20,16,0.95,0.9090909091,1,0.9523809524,10,0,1,9,0.01801954736,0.9902657008,0.9993340277,1,0.8875,0.4387600786,400,14.5912848,1,1,20480,13,4,18,0.1823898
vqc,2,4,ideal,4,rem,80,20,16,0.95,0.9090909091,1,0.9523809524,10,0,1,9,0.01801954736,0.9902657008,0.9993340277,1,0.8875,0.4387600786,400,14.5912848,5,1.2,24576,13,4,18,0.1823898
vqc,2,4,ideal,4,zne,80,20,16,0.95,0.9090909091,1,0.9523809524,10,0,1,9,0.05016991853,0.9630252812,,1,0.8875,0.4387600786,400,14.5912848,3,3,61440,13,4,18,0.1823898
vqc,2,4,ideal,4,zne_rem,80,20,16,0.95,0.9090909091,1,0.9523809524,10,0,1,9,0.05016991853,0.9630252812,,1,0.8875,0.4387600786,400,14.5912848,7,3.2,65536,13,4,18,0.1823898
vqc,2,4,low,0,none,80,20,16,0.9,1,0.8,0.8888888889,8,2,0,10,0.04254589828,0.9240389561,0.9961328228,1,0.9375,0.3500669082,400,14.2185048,1,1,20480,13,4,18,0.2410655
vqc,2,4,low,0,rem,80,20,16,0.9,1,0.8,0.8888888889,8,2,0,10,0.0259656691,0.959347051,0.9979246575,1,0.9375,0.3500669082,400,14.2185048,5,1.2,24576,13,4,18,0.2410655
vqc,2,4,low,0,zne,80,20,16,0.85,0.8888888889,0.8,0.8421052632,8,2,1,9,0.06025536303,0.9552755312,,0.95,0.9375,0.3500669082,400,14.2185048,3,3,61440,13,4,18,0.2410655
vqc,2,4,low,0,zne_rem,80,20,16,0.85,0.8888888889,0.8,0.8421052632,8,2,1,9,0.05891945155,0.9917877443,,0.95,0.9375,0.3500669082,400,14.2185048,7,3.2,65536,13,4,18,0.2410655
vqc,2,4,low,1,none,80,20,16,0.9,0.9,0.9,0.9,9,1,1,9,0.05272619953,0.8926575299,0.9970326545,1,0.8875,0.3731046402,400,14.3288855,1,1,20480,13,4,18,0.2384225
vqc,2,4,low,1,rem,80,20,16,0.9,0.9,0.9,0.9,9,1,1,9,0.04076669887,0.9243651356,0.9978694235,1,0.8875,0.3731046402,400,14.3288855,5,1.2,24576,13,4,18,0.2384225
vqc,2,4,low,1,zne,80,20,16,0.9,0.9,0.9,0.9,9,1,1,9,0.0607878619,0.9045825526,,1,0.8875,0.3731046402,400,14.3288855,3,3,61440,13,4,18,0.2384225
vqc,2,4,low,1,zne_rem,80,20,16,0.9,0.9,0.9,0.9,9,1,1,9,0.05325487181,0.9366377237,,1,0.8875,0.3731046402,400,14.3288855,7,3.2,65536,13,4,18,0.2384225
vqc,2,4,low,2,none,80,20,16,0.95,0.9090909091,1,0.9523809524,10,0,1,9,0.0317938327,0.9368807841,0.99823056,1,0.875,0.4041047297,400,14.2987214,1,1,20480,13,4,18,0.241588
vqc,2,4,low,2,rem,80,20,16,0.95,0.9090909091,1,0.9523809524,10,0,1,9,0.02044877301,0.9772836951,0.99897104,1,0.875,0.4041047297,400,14.2987214,5,1.2,24576,13,4,18,0.241588
vqc,2,4,low,2,zne,80,20,16,0.95,0.9090909091,1,0.9523809524,10,0,1,9,0.05159824381,0.990444774,,1,0.875,0.4041047297,400,14.2987214,3,3,61440,13,4,18,0.241588
vqc,2,4,low,2,zne_rem,80,20,16,0.95,0.9090909091,1,0.9523809524,10,0,1,9,0.05020748587,1.033168444,,1,0.875,0.4041047297,400,14.2987214,7,3.2,65536,13,4,18,0.241588
vqc,2,4,low,3,none,80,20,16,0.9,0.9,0.9,0.9,9,1,1,9,0.04510084796,0.9120515479,0.9971483664,1,0.9125,0.3632149472,400,14.3280702,1,1,20480,13,4,18,0.2438279
vqc,2,4,low,3,rem,80,20,16,0.9,0.9,0.9,0.9,9,1,1,9,0.02920382535,0.9509468741,0.9984513129,1,0.9125,0.3632149472,400,14.3280702,5,1.2,24576,13,4,18,0.2438279
vqc,2,4,low,3,zne,80,20,16,0.9,0.9,0.9,0.9,9,1,1,9,0.06356576175,0.8857676416,,1,0.9125,0.3632149472,400,14.3280702,3,3,61440,13,4,18,0.2438279
vqc,2,4,low,3,zne_rem,80,20,16,0.9,0.9,0.9,0.9,9,1,1,9,0.0518661335,0.9234997807,,1,0.9125,0.3632149472,400,14.3280702,7,3.2,65536,13,4,18,0.2438279
vqc,2,4,low,4,none,80,20,16,0.95,0.9090909091,1,0.9523809524,10,0,1,9,0.04122621011,0.9103854325,0.998367665,1,0.8875,0.4387600786,400,14.5912848,1,1,20480,13,4,18,0.2371927
vqc,2,4,low,4,rem,80,20,16,0.95,0.9090909091,1,0.9523809524,10,0,1,9,0.03006082638,0.9419217703,0.9987731298,1,0.8875,0.4387600786,400,14.5912848,5,1.2,24576,13,4,18,0.2371927
vqc,2,4,low,4,zne,80,20,16,0.85,0.7692307692,1,0.8695652174,10,0,3,7,0.05929406174,0.9121328134,,0.9,0.8875,0.4387600786,400,14.5912848,3,3,61440,13,4,18,0.2371927
vqc,2,4,low,4,zne_rem,80,20,16,0.85,0.7692307692,1,0.8695652174,10,0,3,7,0.05350105378,0.9438690853,,0.9,0.8875,0.4387600786,400,14.5912848,7,3.2,65536,13,4,18,0.2371927
vqc,2,4,moderate,0,none,80,20,16,0.9,1,0.8,0.8888888889,8,2,0,10,0.1409833983,0.7410349009,0.9711383671,1,0.9375,0.3500669082,400,14.2185048,1,1,20480,13,4,18,0.2446582
vqc,2,4,moderate,0,rem,80,20,16,0.9,1,0.8,0.8888888889,8,2,0,10,0.09330709756,0.8393436118,0.9821209395,1,0.9375,0.3500669082,400,14.2185048,5,1.2,24576,13,4,18,0.2446582
vqc,2,4,moderate,0,zne,80,20,16,0.85,0.8888888889,0.8,0.8421052632,8,2,1,9,0.08674821652,0.8788281236,,0.95,0.9375,0.3500669082,400,14.2185048,3,3,61440,13,4,18,0.2446582
vqc,2,4,moderate,0,zne_rem,80,20,16,0.85,0.8888888889,0.8,0.8421052632,8,2,1,9,0.05700258818,0.9947385811,,0.95,0.9375,0.3500669082,400,14.2185048,7,3.2,65536,13,4,18,0.2446582
vqc,2,4,moderate,1,none,80,20,16,0.9,0.9,0.9,0.9,9,1,1,9,0.1231353306,0.7315469266,0.9808275758,1,0.8875,0.3731046402,400,14.3288855,1,1,20480,13,4,18,0.2423694
vqc,2,4,moderate,1,rem,80,20,16,0.9,0.9,0.9,0.9,9,1,1,9,0.08326153479,0.8283101958,0.9882488282,1,0.8875,0.3731046402,400,14.3288855,5,1.2,24576,13,4,18,0.2423694
vqc,2,4,moderate,1,zne,80,20,16,0.85,0.8181818182,0.9,0.8571428571,9,1,2,8,0.0730730609,0.8756841568,,0.95,0.8875,0.3731046402,400,14.3288855,3,3,61440,13,4,18,0.2423694
vqc,2,4,moderate,1,zne_rem,80,20,16,0.85,0.8181818182,0.9,0.8571428571,9,1,2,8,0.05138035927,0.9916233465,,0.95,0.8875,0.3731046402,400,14.3288855,7,3.2,65536,13,4,18,0.2423694
vqc,2,4,moderate,2,none,80,20,16,0.95,0.9090909091,1,0.9523809524,10,0,1,9,0.1255146521,0.7042140013,0.9811129971,1,0.875,0.4041047297,400,14.2987214,1,1,20480,13,4,18,0.2471083
vqc,2,4,moderate,2,rem,80,20,16,0.95,0.9090909091,1,0.9523809524,10,0,1,9,0.0846551118,0.8041518303,0.9897032327,1,0.875,0.4041047297,400,14.2987214,5,1.2,24576,13,4,18,0.2471083
vqc,2,4,moderate,2,zne,80,20,16,0.95,0.9090909091,1,0.9523809524,10,0,1,9,0.0899731015,0.8408568325,,1,0.875,0.4041047297,400,14.2987214,3,3,61440,13,4,18,0.2471083
vqc,2,4,moderate,2,zne_rem,80,20,16,0.95,0.9090909091,1,0.9523809524,10,0,1,9,0.07252077334,0.9589479708,,1,0.875,0.4041047297,400,14.2987214,7,3.2,65536,13,4,18,0.2471083
vqc,2,4,moderate,3,none,80,20,16,0.9,0.9,0.9,0.9,9,1,1,9,0.1321808029,0.7035325581,0.9842155875,1,0.9125,0.3632149472,400,14.3280702,1,1,20480,13,4,18,0.2982429
vqc,2,4,moderate,3,rem,80,20,16,0.9,0.9,0.9,0.9,9,1,1,9,0.09184296724,0.7940060208,0.9907282778,1,0.9125,0.3632149472,400,14.3280702,5,1.2,24576,13,4,18,0.2982429
vqc,2,4,moderate,3,zne,80,20,16,0.95,1,0.9,0.9473684211,9,1,0,10,0.1127637693,0.7921859836,,0.95,0.9125,0.3632149472,400,14.3280702,3,3,61440,13,4,18,0.2982429
vqc,2,4,moderate,3,zne_rem,80,20,16,0.95,1,0.9,0.9473684211,9,1,0,10,0.09344920363,0.8931367326,,0.95,0.9125,0.3632149472,400,14.3280702,7,3.2,65536,13,4,18,0.2982429
vqc,2,4,moderate,4,none,80,20,16,0.95,0.9090909091,1,0.9523809524,10,0,1,9,0.1104526197,0.745882005,0.9894810374,1,0.8875,0.4387600786,400,14.5912848,1,1,20480,13,4,18,0.2436984
vqc,2,4,moderate,4,rem,80,20,16,0.95,0.9090909091,1,0.9523809524,10,0,1,9,0.07361613587,0.8522552536,0.9944865728,1,0.8875,0.4387600786,400,14.5912848,5,1.2,24576,13,4,18,0.2436984
vqc,2,4,moderate,4,zne,80,20,16,0.95,0.9090909091,1,0.9523809524,10,0,1,9,0.0819521209,0.8963439791,,1,0.8875,0.4387600786,400,14.5912848,3,3,61440,13,4,18,0.2436984
vqc,2,4,moderate,4,zne_rem,80,20,16,0.95,0.9090909091,1,0.9523809524,10,0,1,9,0.06372064094,1.02480505,,1,0.8875,0.4387600786,400,14.5912848,7,3.2,65536,13,4,18,0.2436984
vqc,2,4,high,0,none,80,20,16,0.9,1,0.8,0.8888888889,8,2,0,10,0.2917704337,0.4499945709,0.9180144821,1,0.9375,0.3500669082,400,14.2185048,1,1,20480,13,4,18,0.2381537
vqc,2,4,high,0,rem,80,20,16,0.9,1,0.8,0.8888888889,8,2,0,10,0.2319308947,0.5715087348,0.9366189205,1,0.9375,0.3500669082,400,14.2185048,5,1.2,24576,13,4,18,0.2381537
vqc,2,4,high,0,zne,80,20,16,0.9,1,0.8,0.8888888889,8,2,0,10,0.1971537345,0.656038536,,1,0.9375,0.3500669082,400,14.2185048,3,3,61440,13,4,18,0.2381537
vqc,2,4,high,0,zne_rem,80,20,16,0.9,1,0.8,0.8888888889,8,2,0,10,0.1226236822,0.8305983032,,1,0.9375,0.3500669082,400,14.2185048,7,3.2,65536,13,4,18,0.2381537
vqc,2,4,high,1,none,80,20,16,0.9,0.9,0.9,0.9,9,1,1,9,0.2376664152,0.4687052377,0.9364625801,1,0.8875,0.3731046402,400,14.3288855,1,1,20480,13,4,18,0.2374706
vqc,2,4,high,1,rem,80,20,16,0.9,0.9,0.9,0.9,9,1,1,9,0.1823716228,0.5923147664,0.9468560989,1,0.8875,0.3731046402,400,14.3288855,5,1.2,24576,13,4,18,0.2374706
vqc,2,4,high,1,zne,80,20,16,0.85,0.8888888889,0.8,0.8421052632,8,2,1,9,0.1254105558,0.7196491923,,0.95,0.8875,0.3731046402,400,14.3288855,3,3,61440,13,4,18,0.2374706
vqc,2,4,high,1,zne_rem,80,20,16,0.85,0.8888888889,0.8,0.8421052632,8,2,1,9,0.06953519905,0.9091098149,,0.95,0.8875,0.3731046402,400,14.3288855,7,3.2,65536,13,4,18,0.2374706
vqc,2,4,high,2,none,80,20,16,0.9,0.8333333333,1,0.9090909091,10,0,2,8,0.2407614263,0.4361063832,0.9426079375,0.95,0.875,0.4041047297,400,14.2987214,1,1,20480,13,4,18,0.2656237
vqc,2,4,high,2,rem,80,20,16,0.9,0.8333333333,1,0.9090909091,10,0,2,8,0.1947683219,0.5485347066,0.9600531499,0.95,0.875,0.4041047297,400,14.2987214,5,1.2,24576,13,4,18,0.2656237
vqc,2,4,high,2,zne,80,20,16,0.9,0.8333333333,1,0.9090909091,10,0,2,8,0.1604147466,0.653123966,,0.95,0.875,0.4041047297,400,14.2987214,3,3,61440,13,4,18,0.2656237
vqc,2,4,high,2,zne_rem,80,20,16,0.9,0.8333333333,1,0.9090909091,10,0,2,8,0.09304781087,0.8221012591,,0.95,0.875,0.4041047297,400,14.2987214,7,3.2,65536,13,4,18,0.2656237
vqc,2,4,high,3,none,80,20,16,0.9,0.9,0.9,0.9,9,1,1,9,0.246403066,0.4527402857,0.9532750543,1,0.9125,0.3632149472,400,14.3280702,1,1,20480,13,4,18,0.2463168
vqc,2,4,high,3,rem,80,20,16,0.9,0.9,0.9,0.9,9,1,1,9,0.19195964,0.5784063435,0.9659742274,1,0.9125,0.3632149472,400,14.3280702,5,1.2,24576,13,4,18,0.2463168
vqc,2,4,high,3,zne,80,20,16,0.9,0.9,0.9,0.9,9,1,1,9,0.1542609071,0.7016707814,,1,0.9125,0.3632149472,400,14.3280702,3,3,61440,13,4,18,0.2463168
vqc,2,4,high,3,zne_rem,80,20,16,0.9,0.9,0.9,0.9,9,1,1,9,0.09831157494,0.8958694963,,1,0.9125,0.3632149472,400,14.3280702,7,3.2,65536,13,4,18,0.2463168
vqc,2,4,high,4,none,80,20,16,0.85,0.8181818182,0.9,0.8571428571,9,1,2,8,0.2046939146,0.4782831063,0.9657186126,0.9,0.8875,0.4387600786,400,14.5912848,1,1,20480,13,4,18,0.2352531
vqc,2,4,high,4,rem,80,20,16,0.8,0.75,0.9,0.8181818182,9,1,3,7,0.1604256663,0.6053100738,0.9773735244,0.85,0.8875,0.4387600786,400,14.5912848,5,1.2,24576,13,4,18,0.2352531
vqc,2,4,high,4,zne,80,20,16,0.85,0.8181818182,0.9,0.8571428571,9,1,2,8,0.1143088638,0.7524346833,,0.9,0.8875,0.4387600786,400,14.5912848,3,3,61440,13,4,18,0.2352531
vqc,2,4,high,4,zne_rem,80,20,16,0.85,0.8181818182,0.9,0.8571428571,9,1,2,8,0.078563645,0.9514630477,,0.9,0.8875,0.4387600786,400,14.5912848,7,3.2,65536,13,4,18,0.2352531
vqc,4,2,exact,0,none,80,20,16,1,1,1,1,10,0,0,10,0,1,1,1,0.925,0.3745813887,400,16.6795006,1,1,0,,,,0
vqc,4,2,exact,1,none,80,20,16,0.9,0.9,0.9,0.9,9,1,1,9,0,1,1,1,0.9375,0.3835369072,400,16.7568791,1,1,0,,,,0
vqc,4,2,exact,2,none,80,20,16,0.95,0.9090909091,1,0.9523809524,10,0,1,9,0,1,1,1,0.9375,0.3724172852,400,16.8949174,1,1,0,,,,0
vqc,4,2,exact,3,none,80,20,16,0.95,0.9090909091,1,0.9523809524,10,0,1,9,0,1,1,1,0.925,0.3858698834,400,16.7455411,1,1,0,,,,0
vqc,4,2,exact,4,none,80,20,16,0.9,0.9,0.9,0.9,9,1,1,9,0,1,1,1,0.9625,0.3581863103,400,16.8760787,1,1,0,,,,0
vqc,4,2,ideal,0,none,80,20,16,1,1,1,1,10,0,0,10,0.0231954325,1.006820719,0.9961084053,1,0.925,0.3745813887,400,16.6795006,1,1,20480,10,6,20,0.2295025
vqc,4,2,ideal,0,rem,80,20,16,1,1,1,1,10,0,0,10,0.0231954325,1.006820719,0.9961084053,1,0.925,0.3745813887,400,16.6795006,17,1.8,36864,10,6,20,0.2295025
vqc,4,2,ideal,0,zne,80,20,16,1,1,1,1,10,0,0,10,0.05793843989,0.997218538,,1,0.925,0.3745813887,400,16.6795006,3,3,61440,10,6,20,0.2295025
vqc,4,2,ideal,0,zne_rem,80,20,16,1,1,1,1,10,0,0,10,0.05793843989,0.997218538,,1,0.925,0.3745813887,400,16.6795006,19,3.8,77824,10,6,20,0.2295025
vqc,4,2,ideal,1,none,80,20,16,0.85,0.8181818182,0.9,0.8571428571,9,1,2,8,0.0235187869,0.9958108966,0.9954486193,0.95,0.9375,0.3835369072,400,16.7568791,1,1,20480,10,6,20,0.2256095
vqc,4,2,ideal,1,rem,80,20,16,0.85,0.8181818182,0.9,0.8571428571,9,1,2,8,0.0235187869,0.9958108966,0.9954486193,0.95,0.9375,0.3835369072,400,16.7568791,17,1.8,36864,10,6,20,0.2256095
vqc,4,2,ideal,1,zne,80,20,16,0.85,0.8181818182,0.9,0.8571428571,9,1,2,8,0.04735702596,1.019299451,,0.95,0.9375,0.3835369072,400,16.7568791,3,3,61440,10,6,20,0.2256095
vqc,4,2,ideal,1,zne_rem,80,20,16,0.85,0.8181818182,0.9,0.8571428571,9,1,2,8,0.04735702596,1.019299451,,0.95,0.9375,0.3835369072,400,16.7568791,19,3.8,77824,10,6,20,0.2256095
vqc,4,2,ideal,2,none,80,20,16,0.95,0.9090909091,1,0.9523809524,10,0,1,9,0.02030196107,0.9988034552,0.9963566237,1,0.9375,0.3724172852,400,16.8949174,1,1,20480,10,6,20,0.2228207
vqc,4,2,ideal,2,rem,80,20,16,0.95,0.9090909091,1,0.9523809524,10,0,1,9,0.02030196107,0.9988034552,0.9963566237,1,0.9375,0.3724172852,400,16.8949174,17,1.8,36864,10,6,20,0.2228207
vqc,4,2,ideal,2,zne,80,20,16,0.95,0.9090909091,1,0.9523809524,10,0,1,9,0.04122299112,0.9681499771,,1,0.9375,0.3724172852,400,16.8949174,3,3,61440,10,6,20,0.2228207
vqc,4,2,ideal,2,zne_rem,80,20,16,0.95,0.9090909091,1,0.9523809524,10,0,1,9,0.04122299112,0.9681499771,,1,0.9375,0.3724172852,400,16.8949174,19,3.8,77824,10,6,20,0.2228207
vqc,4,2,ideal,3,none,80,20,16,0.95,0.9090909091,1,0.9523809524,10,0,1,9,0.02515921474,1.003090453,0.9956436467,1,0.925,0.3858698834,400,16.7455411,1,1,20480,10,6,20,0.2372515
vqc,4,2,ideal,3,rem,80,20,16,0.95,0.9090909091,1,0.9523809524,10,0,1,9,0.02515921474,1.003090453,0.9956436467,1,0.925,0.3858698834,400,16.7455411,17,1.8,36864,10,6,20,0.2372515
vqc,4,2,ideal,3,zne,80,20,16,0.95,0.9090909091,1,0.9523809524,10,0,1,9,0.04545755447,1.016915853,,1,0.925,0.3858698834,400,16.7455411,3,3,61440,10,6,20,0.2372515
vqc,4,2,ideal,3,zne_rem,80,20,16,0.95,0.9090909091,1,0.9523809524,10,0,1,9,0.04545755447,1.016915853,,1,0.925,0.3858698834,400,16.7455411,19,3.8,77824,10,6,20,0.2372515
vqc,4,2,ideal,4,none,80,20,16,0.9,0.9,0.9,0.9,9,1,1,9,0.02185750204,0.997496543,0.9954994364,1,0.9625,0.3581863103,400,16.8760787,1,1,20480,10,6,20,0.2173799
vqc,4,2,ideal,4,rem,80,20,16,0.9,0.9,0.9,0.9,9,1,1,9,0.02185750204,0.997496543,0.9954994364,1,0.9625,0.3581863103,400,16.8760787,17,1.8,36864,10,6,20,0.2173799
vqc,4,2,ideal,4,zne,80,20,16,0.9,0.9,0.9,0.9,9,1,1,9,0.04857165312,0.9815947941,,1,0.9625,0.3581863103,400,16.8760787,3,3,61440,10,6,20,0.2173799
vqc,4,2,ideal,4,zne_rem,80,20,16,0.9,0.9,0.9,0.9,9,1,1,9,0.04857165312,0.9815947941,,1,0.9625,0.3581863103,400,16.8760787,19,3.8,77824,10,6,20,0.2173799
vqc,4,2,low,0,none,80,20,16,1,1,1,1,10,0,0,10,0.04846004981,0.8990714419,0.9899779056,1,0.925,0.3745813887,400,16.6795006,1,1,20480,10,6,20,0.3454998
vqc,4,2,low,0,rem,80,20,16,1,1,1,1,10,0,0,10,0.02390342344,0.9841008346,0.9933216733,1,0.925,0.3745813887,400,16.6795006,17,1.8,36864,10,6,20,0.3454998
vqc,4,2,low,0,zne,80,20,16,1,1,1,1,10,0,0,10,0.04794528689,0.9454435762,,1,0.925,0.3745813887,400,16.6795006,3,3,61440,10,6,20,0.3454998
vqc,4,2,low,0,zne_rem,80,20,16,1,1,1,1,10,0,0,10,0.05412955046,1.03458256,,1,0.925,0.3745813887,400,16.6795006,19,3.8,77824,10,6,20,0.3454998
vqc,4,2,low,1,none,80,20,16,0.9,0.8333333333,1,0.9090909091,10,0,2,8,0.06036869699,0.8716459849,0.9869582839,0.9,0.9375,0.3835369072,400,16.7568791,1,1,20480,10,6,20,0.3512908
vqc,4,2,low,1,rem,80,20,16,0.85,0.8181818182,0.9,0.8571428571,9,1,2,8,0.03161807084,0.9462512097,0.9933241445,0.95,0.9375,0.3835369072,400,16.7568791,17,1.8,36864,10,6,20,0.3512908
vqc,4,2,low,1,zne,80,20,16,0.9,0.8333333333,1,0.9090909091,10,0,2,8,0.06003707627,0.910473474,,0.9,0.9375,0.3835369072,400,16.7568791,3,3,61440,10,6,20,0.3512908
vqc,4,2,low,1,zne_rem,80,20,16,0.9,0.8333333333,1,0.9090909091,10,0,2,8,0.05614093926,0.9888418592,,0.9,0.9375,0.3835369072,400,16.7568791,19,3.8,77824,10,6,20,0.3512908
vqc,4,2,low,2,none,80,20,16,0.95,0.9090909091,1,0.9523809524,10,0,1,9,0.06463098519,0.8839077293,0.9923008658,1,0.9375,0.3724172852,400,16.8949174,1,1,20480,10,6,20,0.3486659
vqc,4,2,low,2,rem,80,20,16,0.95,0.9090909091,1,0.9523809524,10,0,1,9,0.03070667021,0.9572006615,0.9943192841,1,0.9375,0.3724172852,400,16.8949174,17,1.8,36864,10,6,20,0.3486659
vqc,4,2,low,2,zne,80,20,16,0.95,0.9090909091,1,0.9523809524,10,0,1,9,0.06131424854,0.9108117475,,1,0.9375,0.3724172852,400,16.8949174,3,3,61440,10,6,20,0.3486659
vqc,4,2,low,2,zne_rem,80,20,16,0.95,0.9090909091,1,0.9523809524,10,0,1,9,0.05145390471,0.9863258702,,1,0.9375,0.3724172852,400,16.8949174,19,3.8,77824,10,6,20,0.3486659
vqc,4,2,low,3,none,80,20,16,0.95,0.9090909091,1,0.9523809524,10,0,1,9,0.05139446797,0.8966127748,0.9911235412,1,0.925,0.3858698834,400,16.7455411,1,1,20480,10,6,20,0.3647225
vqc,4,2,low,3,rem,80,20,16,0.95,0.9090909091,1,0.9523809524,10,0,1,9,0.02599732934,0.9863859555,0.9942813722,1,0.925,0.3858698834,400,16.7455411,17,1.8,36864,10,6,20,0.3647225
vqc,4,2,low,3,zne,80,20,16,0.95,0.9090909091,1,0.9523809524,10,0,1,9,0.05507594103,0.9380398605,,1,0.925,0.3858698834,400,16.7455411,3,3,61440,10,6,20,0.3647225
vqc,4,2,low,3,zne_rem,80,20,16,0.95,0.9090909091,1,0.9523809524,10,0,1,9,0.05024546022,1.031637232,,1,0.925,0.3858698834,400,16.7455411,19,3.8,77824,10,6,20,0.3647225
vqc,4,2,low,4,none,80,20,16,0.9,0.9,0.9,0.9,9,1,1,9,0.04773396099,0.9139804558,0.9826740762,1,0.9625,0.3581863103,400,16.8760787,1,1,20480,10,6,20,0.3527251
vqc,4,2,low,4,rem,80,20,16,0.9,0.9,0.9,0.9,9,1,1,9,0.02260197993,0.9996300011,0.9904577635,1,0.9625,0.3581863103,400,16.8760787,17,1.8,36864,10,6,20,0.3527251
vqc,4,2,low,4,zne,80,20,16,0.9,0.9,0.9,0.9,9,1,1,9,0.05920046788,0.9583675205,,1,0.9625,0.3581863103,400,16.8760787,3,3,61440,10,6,20,0.3527251
vqc,4,2,low,4,zne_rem,80,20,16,0.9,0.9,0.9,0.9,9,1,1,9,0.05737792918,1.0478224,,1,0.9625,0.3581863103,400,16.8760787,19,3.8,77824,10,6,20,0.3527251
vqc,4,2,moderate,0,none,80,20,16,1,1,1,1,10,0,0,10,0.1846389914,0.612695986,0.9452304881,1,0.925,0.3745813887,400,16.6795006,1,1,20480,10,6,20,0.3509887
vqc,4,2,moderate,0,rem,80,20,16,1,1,1,1,10,0,0,10,0.09545677619,0.799767144,0.9712144176,1,0.925,0.3745813887,400,16.6795006,17,1.8,36864,10,6,20,0.3509887
vqc,4,2,moderate,0,zne,80,20,16,0.95,1,0.9,0.9473684211,9,1,0,10,0.1333572532,0.7202660227,,0.95,0.925,0.3745813887,400,16.6795006,3,3,61440,10,6,20,0.3509887
vqc,4,2,moderate,0,zne_rem,80,20,16,0.95,1,0.9,0.9473684211,9,1,0,10,0.06173510735,0.9408010349,,0.95,0.925,0.3745813887,400,16.6795006,19,3.8,77824,10,6,20,0.3509887
vqc,4,2,moderate,1,none,80,20,16,0.9,0.9,0.9,0.9,9,1,1,9,0.1712613707,0.6409650204,0.9258391079,1,0.9375,0.3835369072,400,16.7568791,1,1,20480,10,6,20,0.3531727
vqc,4,2,moderate,1,rem,80,20,16,0.9,0.9,0.9,0.9,9,1,1,9,0.07141415138,0.8578859803,0.9653629427,1,0.9375,0.3835369072,400,16.7568791,17,1.8,36864,10,6,20,0.3531727
vqc,4,2,moderate,1,zne,80,20,16,0.9,0.9,0.9,0.9,9,1,1,9,0.1158865969,0.7761345145,,1,0.9375,0.3835369072,400,16.7568791,3,3,61440,10,6,20,0.3531727
vqc,4,2,moderate,1,zne_rem,80,20,16,0.9,0.9,0.9,0.9,9,1,1,9,0.07059183274,1.040075855,,1,0.9375,0.3835369072,400,16.7568791,19,3.8,77824,10,6,20,0.3531727
vqc,4,2,moderate,2,none,80,20,16,0.95,0.9090909091,1,0.9523809524,10,0,1,9,0.1995919227,0.6414865184,0.9648621692,1,0.9375,0.3724172852,400,16.8949174,1,1,20480,10,6,20,0.4017952
vqc,4,2,moderate,2,rem,80,20,16,0.95,0.9090909091,1,0.9523809524,10,0,1,9,0.09141474063,0.8372748711,0.9834527393,1,0.9375,0.3724172852,400,16.8949174,17,1.8,36864,10,6,20,0.4017952
vqc,4,2,moderate,2,zne,80,20,16,0.95,0.9090909091,1,0.9523809524,10,0,1,9,0.1175060702,0.7929559219,,1,0.9375,0.3724172852,400,16.8949174,3,3,61440,10,6,20,0.4017952
vqc,4,2,moderate,2,zne_rem,80,20,16,0.95,0.9090909091,1,0.9523809524,10,0,1,9,0.04600881733,1.036329133,,1,0.9375,0.3724172852,400,16.8949174,19,3.8,77824,10,6,20,0.4017952
vqc,4,2,moderate,3,none,80,20,16,0.95,0.9090909091,1,0.9523809524,10,0,1,9,0.1809832776,0.6359192708,0.9556848691,1,0.925,0.3858698834,400,16.7455411,1,1,20480,10,6,20,0.3543418
vqc,4,2,moderate,3,rem,80,20,16,0.95,0.9090909091,1,0.9523809524,10,0,1,9,0.0899762852,0.8189963628,0.9762847632,1,0.925,0.3858698834,400,16.7455411,17,1.8,36864,10,6,20,0.3543418
vqc,4,2,moderate,3,zne,80,20,16,0.95,0.9090909091,1,0.9523809524,10,0,1,9,0.1177730353,0.7681814423,,1,0.925,0.3858698834,400,16.7455411,3,3,61440,10,6,20,0.3543418
vqc,4,2,moderate,3,zne_rem,80,20,16,0.95,0.9090909091,1,0.9523809524,10,0,1,9,0.06233262155,0.9896592511,,1,0.925,0.3858698834,400,16.7455411,19,3.8,77824,10,6,20,0.3543418
vqc,4,2,moderate,4,none,80,20,16,0.9,0.9,0.9,0.9,9,1,1,9,0.1727793047,0.6387245008,0.9146686574,1,0.9625,0.3581863103,400,16.8760787,1,1,20480,10,6,20,0.3469757
vqc,4,2,moderate,4,rem,80,20,16,0.9,0.9,0.9,0.9,9,1,1,9,0.07220472856,0.8524325771,0.9565111901,1,0.9625,0.3581863103,400,16.8760787,17,1.8,36864,10,6,20,0.3469757
vqc,4,2,moderate,4,zne,80,20,16,0.9,0.9,0.9,0.9,9,1,1,9,0.108977925,0.7879661151,,1,0.9625,0.3581863103,400,16.8760787,3,3,61440,10,6,20,0.3469757
vqc,4,2,moderate,4,zne_rem,80,20,16,0.9,0.9,0.9,0.9,9,1,1,9,0.0849940848,1.05173517,,1,0.9625,0.3581863103,400,16.8760787,19,3.8,77824,10,6,20,0.3469757
vqc,4,2,high,0,none,80,20,16,1,1,1,1,10,0,0,10,0.3072952414,0.3554087381,0.8552615854,1,0.925,0.3745813887,400,16.6795006,1,1,20480,10,6,20,0.3550977
vqc,4,2,high,0,rem,80,20,16,1,1,1,1,10,0,0,10,0.2199990466,0.5385237259,0.900026545,1,0.925,0.3745813887,400,16.6795006,17,1.8,36864,10,6,20,0.3550977
vqc,4,2,high,0,zne,80,20,16,0.95,1,0.9,0.9473684211,9,1,0,10,0.2306961203,0.516085239,,0.95,0.925,0.3745813887,400,16.6795006,3,3,61440,10,6,20,0.3550977
vqc,4,2,high,0,zne_rem,80,20,16,0.9,1,0.8,0.8888888889,8,2,0,10,0.1224172008,0.7797685571,,0.9,0.925,0.3745813887,400,16.6795006,19,3.8,77824,10,6,20,0.3550977
vqc,4,2,high,1,none,80,20,16,0.9,0.9,0.9,0.9,9,1,1,9,0.2970426207,0.3727023685,0.8212981806,1,0.9375,0.3835369072,400,16.7568791,1,1,20480,10,6,20,0.3521798
vqc,4,2,high,1,rem,80,20,16,0.9,0.9,0.9,0.9,9,1,1,9,0.1874526979,0.6100583232,0.8899012418,1,0.9375,0.3835369072,400,16.7568791,17,1.8,36864,10,6,20,0.3521798
vqc,4,2,high,1,zne,80,20,16,0.9,0.9,0.9,0.9,9,1,1,9,0.2101895934,0.5676963027,,1,0.9375,0.3835369072,400,16.7568791,3,3,61440,10,6,20,0.3521798
vqc,4,2,high,1,zne_rem,80,20,16,0.95,0.9090909091,1,0.9523809524,10,0,1,9,0.07089432673,0.9310559047,,0.95,0.9375,0.3835369072,400,16.7568791,19,3.8,77824,10,6,20,0.3521798
vqc,4,2,high,2,none,80,20,16,0.9,0.9,0.9,0.9,9,1,1,9,0.3608223914,0.3518791238,0.9102361682,0.95,0.9375,0.3724172852,400,16.8949174,1,1,20480,10,6,20,0.3866414
vqc,4,2,high,2,rem,80,20,16,0.9,0.9,0.9,0.9,9,1,1,9,0.2358763536,0.5763112473,0.9443146967,0.95,0.9375,0.3724172852,400,16.8949174,17,1.8,36864,10,6,20,0.3866414
vqc,4,2,high,2,zne,80,20,16,0.9,0.9,0.9,0.9,9,1,1,9,0.2640084266,0.5257795059,,0.95,0.9375,0.3724172852,400,16.8949174,3,3,61440,10,6,20,0.3866414
vqc,4,2,high,2,zne_rem,80,20,16,0.9,0.9,0.9,0.9,9,1,1,9,0.1173485206,0.8587872676,,0.95,0.9375,0.3724172852,400,16.8949174,19,3.8,77824,10,6,20,0.3866414
vqc,4,2,high,3,none,80,20,16,0.95,0.9090909091,1,0.9523809524,10,0,1,9,0.3128192151,0.3707073414,0.8810307443,1,0.925,0.3858698834,400,16.7455411,1,1,20480,10,6,20,0.347258
vqc,4,2,high,3,rem,80,20,16,0.95,0.9090909091,1,0.9523809524,10,0,1,9,0.2019262534,0.5937886719,0.9210345178,1,0.925,0.3858698834,400,16.7455411,17,1.8,36864,10,6,20,0.347258
vqc,4,2,high,3,zne,80,20,16,0.95,0.9090909091,1,0.9523809524,10,0,1,9,0.218595751,0.5678236523,,1,0.925,0.3858698834,400,16.7455411,3,3,61440,10,6,20,0.347258
vqc,4,2,high,3,zne_rem,80,20,16,0.95,0.9090909091,1,0.9523809524,10,0,1,9,0.08036745649,0.9088998636,,1,0.925,0.3858698834,400,16.7455411,19,3.8,77824,10,6,20,0.347258
vqc,4,2,high,4,none,80,20,16,0.9,0.9,0.9,0.9,9,1,1,9,0.3152597734,0.3408028107,0.7835476498,1,0.9625,0.3581863103,400,16.8760787,1,1,20480,10,6,20,0.346593
vqc,4,2,high,4,rem,80,20,16,0.9,0.9,0.9,0.9,9,1,1,9,0.2232931011,0.5331019146,0.8520122219,1,0.9625,0.3581863103,400,16.8760787,17,1.8,36864,10,6,20,0.346593
vqc,4,2,high,4,zne,80,20,16,0.9,0.9,0.9,0.9,9,1,1,9,0.232288582,0.5142926777,,1,0.9625,0.3581863103,400,16.8760787,3,3,61440,10,6,20,0.346593
vqc,4,2,high,4,zne_rem,80,20,16,0.9,0.9,0.9,0.9,9,1,1,9,0.1093479629,0.8008516427,,1,0.9625,0.3581863103,400,16.8760787,19,3.8,77824,10,6,20,0.346593
vqc,4,4,exact,0,none,80,20,32,0.95,1,0.9,0.9473684211,9,1,0,10,0,1,1,1,0.9375,0.2360264668,800,55.3772895,1,1,0,,,,0
vqc,4,4,exact,1,none,80,20,32,0.85,0.8181818182,0.9,0.8571428571,9,1,2,8,0,1,1,1,0.9625,0.2151598396,800,56.3021987,1,1,0,,,,0
vqc,4,4,exact,2,none,80,20,32,0.95,0.9090909091,1,0.9523809524,10,0,1,9,0,1,1,1,0.95,0.234058745,800,55.6615699,1,1,0,,,,0
vqc,4,4,exact,3,none,80,20,32,0.95,0.9090909091,1,0.9523809524,10,0,1,9,0,1,1,1,0.9375,0.2307056595,800,55.8458377,1,1,0,,,,0
vqc,4,4,exact,4,none,80,20,32,0.9,0.9,0.9,0.9,9,1,1,9,0,1,1,1,0.95,0.2307852823,800,56.1608736,1,1,0,,,,0
vqc,4,4,ideal,0,none,80,20,32,0.95,1,0.9,0.9473684211,9,1,0,10,0.01573854113,0.9958690274,0.9959960759,1,0.9375,0.2360264668,800,55.3772895,1,1,20480,18,12,36,0.297545
vqc,4,4,ideal,0,rem,80,20,32,0.95,1,0.9,0.9473684211,9,1,0,10,0.01573854113,0.9958690274,0.9959960759,1,0.9375,0.2360264668,800,55.3772895,17,1.8,36864,18,12,36,0.297545
vqc,4,4,ideal,0,zne,80,20,32,0.95,1,0.9,0.9473684211,9,1,0,10,0.04464335556,0.9772768423,,1,0.9375,0.2360264668,800,55.3772895,3,3,61440,18,12,36,0.297545
vqc,4,4,ideal,0,zne_rem,80,20,32,0.95,1,0.9,0.9473684211,9,1,0,10,0.04464335556,0.9772768423,,1,0.9375,0.2360264668,800,55.3772895,19,3.8,77824,18,12,36,0.297545
vqc,4,4,ideal,1,none,80,20,32,0.9,0.9,0.9,0.9,9,1,1,9,0.02024426472,0.9884927039,0.9965581488,0.95,0.9625,0.2151598396,800,56.3021987,1,1,20480,18,12,36,0.3045107
vqc,4,4,ideal,1,rem,80,20,32,0.9,0.9,0.9,0.9,9,1,1,9,0.02024426472,0.9884927039,0.9965581488,0.95,0.9625,0.2151598396,800,56.3021987,17,1.8,36864,18,12,36,0.3045107
vqc,4,4,ideal,1,zne,80,20,32,0.95,1,0.9,0.9473684211,9,1,0,10,0.04792311353,0.9648115226,,0.9,0.9625,0.2151598396,800,56.3021987,3,3,61440,18,12,36,0.3045107
vqc,4,4,ideal,1,zne_rem,80,20,32,0.95,1,0.9,0.9473684211,9,1,0,10,0.04792311353,0.9648115226,,0.9,0.9625,0.2151598396,800,56.3021987,19,3.8,77824,18,12,36,0.3045107
vqc,4,4,ideal,2,none,80,20,32,0.95,0.9090909091,1,0.9523809524,10,0,1,9,0.01864408568,0.9796594761,0.9960794728,1,0.95,0.234058745,800,55.6615699,1,1,20480,18,12,36,0.3023783
vqc,4,4,ideal,2,rem,80,20,32,0.95,0.9090909091,1,0.9523809524,10,0,1,9,0.01864408568,0.9796594761,0.9960794728,1,0.95,0.234058745,800,55.6615699,17,1.8,36864,18,12,36,0.3023783
vqc,4,4,ideal,2,zne,80,20,32,0.95,0.9090909091,1,0.9523809524,10,0,1,9,0.04597694236,0.9475720022,,1,0.95,0.234058745,800,55.6615699,3,3,61440,18,12,36,0.3023783
vqc,4,4,ideal,2,zne_rem,80,20,32,0.95,0.9090909091,1,0.9523809524,10,0,1,9,0.04597694236,0.9475720022,,1,0.95,0.234058745,800,55.6615699,19,3.8,77824,18,12,36,0.3023783
vqc,4,4,ideal,3,none,80,20,32,0.95,0.9090909091,1,0.9523809524,10,0,1,9,0.01908265751,0.9875076234,0.9952068961,1,0.9375,0.2307056595,800,55.8458377,1,1,20480,18,12,36,0.2997148
vqc,4,4,ideal,3,rem,80,20,32,0.95,0.9090909091,1,0.9523809524,10,0,1,9,0.01908265751,0.9875076234,0.9952068961,1,0.9375,0.2307056595,800,55.8458377,17,1.8,36864,18,12,36,0.2997148
vqc,4,4,ideal,3,zne,80,20,32,0.95,0.9090909091,1,0.9523809524,10,0,1,9,0.04069009903,0.9896418396,,1,0.9375,0.2307056595,800,55.8458377,3,3,61440,18,12,36,0.2997148
vqc,4,4,ideal,3,zne_rem,80,20,32,0.95,0.9090909091,1,0.9523809524,10,0,1,9,0.04069009903,0.9896418396,,1,0.9375,0.2307056595,800,55.8458377,19,3.8,77824,18,12,36,0.2997148
vqc,4,4,ideal,4,none,80,20,32,0.9,0.9,0.9,0.9,9,1,1,9,0.01718031701,0.9947014937,0.9962104331,1,0.95,0.2307852823,800,56.1608736,1,1,20480,18,12,36,0.2966008
vqc,4,4,ideal,4,rem,80,20,32,0.9,0.9,0.9,0.9,9,1,1,9,0.01718031701,0.9947014937,0.9962104331,1,0.95,0.2307852823,800,56.1608736,17,1.8,36864,18,12,36,0.2966008
vqc,4,4,ideal,4,zne,80,20,32,0.9,0.9,0.9,0.9,9,1,1,9,0.03436528657,0.994582643,,1,0.95,0.2307852823,800,56.1608736,3,3,61440,18,12,36,0.2966008
vqc,4,4,ideal,4,zne_rem,80,20,32,0.9,0.9,0.9,0.9,9,1,1,9,0.03436528657,0.994582643,,1,0.95,0.2307852823,800,56.1608736,19,3.8,77824,18,12,36,0.2966008
vqc,4,4,low,0,none,80,20,32,1,1,1,1,10,0,0,10,0.09485092836,0.8580896124,0.9826307254,0.95,0.9375,0.2360264668,800,55.3772895,1,1,20480,18,12,36,0.450415
vqc,4,4,low,0,rem,80,20,32,1,1,1,1,10,0,0,10,0.04907569047,0.9290761762,0.9896569483,0.95,0.9375,0.2360264668,800,55.3772895,17,1.8,36864,18,12,36,0.450415
vqc,4,4,low,0,zne,80,20,32,1,1,1,1,10,0,0,10,0.07050105208,0.8984700851,,0.95,0.9375,0.2360264668,800,55.3772895,3,3,61440,18,12,36,0.450415
vqc,4,4,low,0,zne_rem,80,20,32,1,1,1,1,10,0,0,10,0.04066234243,0.9725293168,,0.95,0.9375,0.2360264668,800,55.3772895,19,3.8,77824,18,12,36,0.450415
vqc,4,4,low,1,none,80,20,32,0.85,0.8181818182,0.9,0.8571428571,9,1,2,8,0.07132157469,0.8888744505,0.9833857123,1,0.9625,0.2151598396,800,56.3021987,1,1,20480,18,12,36,0.4543597
vqc,4,4,low,1,rem,80,20,32,0.85,0.8181818182,0.9,0.8571428571,9,1,2,8,0.03469951203,0.965232048,0.9897761774,1,0.9625,0.2151598396,800,56.3021987,17,1.8,36864,18,12,36,0.4543597
vqc,4,4,low,1,zne,80,20,32,0.85,0.8181818182,0.9,0.8571428571,9,1,2,8,0.06073303108,0.9598306099,,1,0.9625,0.2151598396,800,56.3021987,3,3,61440,18,12,36,0.4543597
vqc,4,4,low,1,zne_rem,80,20,32,0.85,0.8181818182,0.9,0.8571428571,9,1,2,8,0.05059875781,1.042421029,,1,0.9625,0.2151598396,800,56.3021987,19,3.8,77824,18,12,36,0.4543597
vqc,4,4,low,2,none,80,20,32,0.95,0.9090909091,1,0.9523809524,10,0,1,9,0.08970960222,0.8612058936,0.9858507916,1,0.95,0.234058745,800,55.6615699,1,1,20480,18,12,36,0.4530917
vqc,4,4,low,2,rem,80,20,32,0.95,0.9090909091,1,0.9523809524,10,0,1,9,0.04388050928,0.9330075155,0.9912803736,1,0.95,0.234058745,800,55.6615699,17,1.8,36864,18,12,36,0.4530917
vqc,4,4,low,2,zne,80,20,32,0.95,0.9090909091,1,0.9523809524,10,0,1,9,0.05962614617,0.9277982616,,1,0.95,0.234058745,800,55.6615699,3,3,61440,18,12,36,0.4530917
vqc,4,4,low,2,zne_rem,80,20,32,0.95,0.9090909091,1,0.9523809524,10,0,1,9,0.05161823628,1.00561725,,1,0.95,0.234058745,800,55.6615699,19,3.8,77824,18,12,36,0.4530917
vqc,4,4,low,3,none,80,20,32,0.95,0.9090909091,1,0.9523809524,10,0,1,9,0.09617375119,0.8538403142,0.9802300349,1,0.9375,0.2307056595,800,55.8458377,1,1,20480,18,12,36,0.4423898
vqc,4,4,low,3,rem,80,20,32,0.95,0.9090909091,1,0.9523809524,10,0,1,9,0.05485518635,0.9263162661,0.9888434452,1,0.9375,0.2307056595,800,55.8458377,17,1.8,36864,18,12,36,0.4423898
vqc,4,4,low,3,zne,80,20,32,0.95,0.9090909091,1,0.9523809524,10,0,1,9,0.07978644013,0.9248654926,,1,0.9375,0.2307056595,800,55.8458377,3,3,61440,18,12,36,0.4423898
vqc,4,4,low,3,zne_rem,80,20,32,0.95,0.9090909091,1,0.9523809524,10,0,1,9,0.06565280162,1.003419475,,1,0.9375,0.2307056595,800,55.8458377,19,3.8,77824,18,12,36,0.4423898
vqc,4,4,low,4,none,80,20,32,0.9,0.9,0.9,0.9,9,1,1,9,0.07992399417,0.8737906701,0.9881044692,1,0.95,0.2307852823,800,56.1608736,1,1,20480,18,12,36,0.4572451
vqc,4,4,low,4,rem,80,20,32,0.9,0.9,0.9,0.9,9,1,1,9,0.0363447482,0.9529926434,0.9929585507,1,0.95,0.2307852823,800,56.1608736,17,1.8,36864,18,12,36,0.4572451
vqc,4,4,low,4,zne,80,20,32,0.95,1,0.9,0.9473684211,9,1,0,10,0.06482490638,0.9297297536,,0.95,0.95,0.2307852823,800,56.1608736,3,3,61440,18,12,36,0.4572451
vqc,4,4,low,4,zne_rem,80,20,32,0.95,1,0.9,0.9473684211,9,1,0,10,0.0408199005,1.014226109,,0.95,0.95,0.2307852823,800,56.1608736,19,3.8,77824,18,12,36,0.4572451
vqc,4,4,moderate,0,none,80,20,32,0.95,1,0.9,0.9473684211,9,1,0,10,0.3184837409,0.5235033341,0.8893048023,1,0.9375,0.2360264668,800,55.3772895,1,1,20480,18,12,36,0.457892
vqc,4,4,moderate,0,rem,80,20,32,0.95,1,0.9,0.9473684211,9,1,0,10,0.2204205976,0.6762178471,0.925009957,1,0.9375,0.2360264668,800,55.3772895,17,1.8,36864,18,12,36,0.457892
vqc,4,4,moderate,0,zne,80,20,32,0.95,1,0.9,0.9473684211,9,1,0,10,0.1979742748,0.7230314504,,1,0.9375,0.2360264668,800,55.3772895,3,3,61440,18,12,36,0.457892
vqc,4,4,moderate,0,zne_rem,80,20,32,0.95,1,0.9,0.9473684211,9,1,0,10,0.1062818386,0.9343127777,,1,0.9375,0.2360264668,800,55.3772895,19,3.8,77824,18,12,36,0.457892
vqc,4,4,moderate,1,none,80,20,32,0.95,1,0.9,0.9473684211,9,1,0,10,0.2703948184,0.5160924602,0.902045062,0.9,0.9625,0.2151598396,800,56.3021987,1,1,20480,18,12,36,0.451206
vqc,4,4,moderate,1,rem,80,20,32,0.95,1,0.9,0.9473684211,9,1,0,10,0.1834612235,0.6716717065,0.9332387776,0.9,0.9625,0.2151598396,800,56.3021987,17,1.8,36864,18,12,36,0.451206
vqc,4,4,moderate,1,zne,80,20,32,0.9,0.9,0.9,0.9,9,1,1,9,0.1757999567,0.6944877797,,0.95,0.9625,0.2151598396,800,56.3021987,3,3,61440,18,12,36,0.451206
vqc,4,4,moderate,1,zne_rem,80,20,32,0.9,0.9,0.9,0.9,9,1,1,9,0.07610370479,0.9022486946,,0.95,0.9625,0.2151598396,800,56.3021987,19,3.8,77824,18,12,36,0.451206
vqc,4,4,moderate,2,none,80,20,32,0.95,0.9090909091,1,0.9523809524,10,0,1,9,0.267346321,0.5863754514,0.9227932086,1,0.95,0.234058745,800,55.6615699,1,1,20480,18,12,36,0.4664108
vqc,4,4,moderate,2,rem,80,20,32,0.95,0.9090909091,1,0.9523809524,10,0,1,9,0.1518280321,0.7650994373,0.95138059,1,0.95,0.234058745,800,55.6615699,17,1.8,36864,18,12,36,0.4664108
vqc,4,4,moderate,2,zne,80,20,32,0.95,0.9090909091,1,0.9523809524,10,0,1,9,0.1627097343,0.7584844275,,1,0.95,0.234058745,800,55.6615699,3,3,61440,18,12,36,0.4664108
vqc,4,4,moderate,2,zne_rem,80,20,32,0.95,0.9090909091,1,0.9523809524,10,0,1,9,0.08731013738,0.9889990167,,1,0.95,0.234058745,800,55.6615699,19,3.8,77824,18,12,36,0.4664108
vqc,4,4,moderate,3,none,80,20,32,0.95,0.9090909091,1,0.9523809524,10,0,1,9,0.3245327768,0.4888316553,0.8869710432,1,0.9375,0.2307056595,800,55.8458377,1,1,20480,18,12,36,0.4578162
vqc,4,4,moderate,3,rem,80,20,32,0.95,0.9090909091,1,0.9523809524,10,0,1,9,0.2267088994,0.6429130703,0.927335877,1,0.9375,0.2307056595,800,55.8458377,17,1.8,36864,18,12,36,0.4578162
vqc,4,4,moderate,3,zne,80,20,32,0.95,0.9090909091,1,0.9523809524,10,0,1,9,0.2041470346,0.6784500389,,1,0.9375,0.2307056595,800,55.8458377,3,3,61440,18,12,36,0.4578162
vqc,4,4,moderate,3,zne_rem,80,20,32,0.95,0.9090909091,1,0.9523809524,10,0,1,9,0.09062389508,0.8927526699,,1,0.9375,0.2307056595,800,55.8458377,19,3.8,77824,18,12,36,0.4578162
vqc,4,4,moderate,4,none,80,20,32,0.9,0.9,0.9,0.9,9,1,1,9,0.2613706918,0.5758714717,0.9363618083,1,0.95,0.2307852823,800,56.1608736,1,1,20480,18,12,36,0.4547251
vqc,4,4,moderate,4,rem,80,20,32,0.9,0.9,0.9,0.9,9,1,1,9,0.1528272478,0.7549596677,0.9617201612,1,0.95,0.2307852823,800,56.1608736,17,1.8,36864,18,12,36,0.4547251
vqc,4,4,moderate,4,zne,80,20,32,0.9,0.9,0.9,0.9,9,1,1,9,0.1619606401,0.7402024338,,1,0.95,0.2307852823,800,56.1608736,3,3,61440,18,12,36,0.4547251
vqc,4,4,moderate,4,zne_rem,80,20,32,0.9,0.9,0.9,0.9,9,1,1,9,0.0647551146,0.9705840712,,1,0.95,0.2307852823,800,56.1608736,19,3.8,77824,18,12,36,0.4547251
vqc,4,4,high,0,none,80,20,32,1,1,1,1,10,0,0,10,0.5162376471,0.2276355553,0.7592361706,0.95,0.9375,0.2360264668,800,55.3772895,1,1,20480,18,12,36,0.4656345
vqc,4,4,high,0,rem,80,20,32,1,1,1,1,10,0,0,10,0.4281012626,0.3595000368,0.7987094449,0.95,0.9375,0.2360264668,800,55.3772895,17,1.8,36864,18,12,36,0.4656345
vqc,4,4,high,0,zne,80,20,32,1,1,1,1,10,0,0,10,0.4144676276,0.3798978807,,0.95,0.9375,0.2360264668,800,55.3772895,3,3,61440,18,12,36,0.4656345
vqc,4,4,high,0,zne_rem,80,20,32,1,1,1,1,10,0,0,10,0.2675240241,0.6010768454,,0.95,0.9375,0.2360264668,800,55.3772895,19,3.8,77824,18,12,36,0.4656345
vqc,4,4,high,1,none,80,20,32,0.85,0.8181818182,0.9,0.8571428571,9,1,2,8,0.4201018497,0.2481717892,0.7737655476,1,0.9625,0.2151598396,800,56.3021987,1,1,20480,18,12,36,0.4612518
vqc,4,4,high,1,rem,80,20,32,0.9,0.9,0.9,0.9,9,1,1,9,0.3398549658,0.401385582,0.8109265881,0.95,0.9625,0.2151598396,800,56.3021987,17,1.8,36864,18,12,36,0.4612518
vqc,4,4,high,1,zne,80,20,32,0.9,0.9,0.9,0.9,9,1,1,9,0.3321364422,0.4197948152,,0.95,0.9625,0.2151598396,800,56.3021987,3,3,61440,18,12,36,0.4612518
vqc,4,4,high,1,zne_rem,80,20,32,0.9,0.9,0.9,0.9,9,1,1,9,0.2079279879,0.6797368293,,0.95,0.9625,0.2151598396,800,56.3021987,19,3.8,77824,18,12,36,0.4612518
vqc,4,4,high,2,none,80,20,32,0.95,0.9090909091,1,0.9523809524,10,0,1,9,0.4604127272,0.2876729862,0.8243878959,1,0.95,0.234058745,800,55.6615699,1,1,20480,18,12,36,0.4559386
vqc,4,4,high,2,rem,80,20,32,0.95,0.9090909091,1,0.9523809524,10,0,1,9,0.3470597397,0.4630469287,0.8607221585,1,0.95,0.234058745,800,55.6615699,17,1.8,36864,18,12,36,0.4559386
vqc,4,4,high,2,zne,80,20,32,0.95,0.9090909091,1,0.9523809524,10,0,1,9,0.3481568678,0.4613495081,,1,0.95,0.234058745,800,55.6615699,3,3,61440,18,12,36,0.4559386
vqc,4,4,high,2,zne_rem,80,20,32,0.95,0.9090909091,1,0.9523809524,10,0,1,9,0.1674947376,0.7408607121,,1,0.95,0.234058745,800,55.6615699,19,3.8,77824,18,12,36,0.4559386
vqc,4,4,high,3,none,80,20,32,0.95,0.9090909091,1,0.9523809524,10,0,1,9,0.5038296518,0.2064229331,0.7485814588,1,0.9375,0.2307056595,800,55.8458377,1,1,20480,18,12,36,0.4467724
vqc,4,4,high,3,rem,80,20,32,0.95,0.9090909091,1,0.9523809524,10,0,1,9,0.4275447784,0.3300714203,0.7903005965,1,0.9375,0.2307056595,800,55.8458377,17,1.8,36864,18,12,36,0.4467724
vqc,4,4,high,3,zne,80,20,32,0.95,0.9090909091,1,0.9523809524,10,0,1,9,0.3956875619,0.3767564618,,1,0.9375,0.2307056595,800,55.8458377,3,3,61440,18,12,36,0.4467724
vqc,4,4,high,3,zne_rem,80,20,32,0.95,0.9090909091,1,0.9523809524,10,0,1,9,0.2753841609,0.6026984044,,1,0.9375,0.2307056595,800,55.8458377,19,3.8,77824,18,12,36,0.4467724
vqc,4,4,high,4,none,80,20,32,0.95,1,0.9,0.9473684211,9,1,0,10,0.4512144418,0.2678103432,0.8529472402,0.95,0.95,0.2307852823,800,56.1608736,1,1,20480,18,12,36,0.4571221
vqc,4,4,high,4,rem,80,20,32,0.95,1,0.9,0.9473684211,9,1,0,10,0.3530016714,0.4350652469,0.8838923616,0.95,0.95,0.2307852823,800,56.1608736,17,1.8,36864,18,12,36,0.4571221
vqc,4,4,high,4,zne,80,20,32,0.95,1,0.9,0.9473684211,9,1,0,10,0.3631234633,0.4284569322,,0.95,0.95,0.2307852823,800,56.1608736,3,3,61440,18,12,36,0.4571221
vqc,4,4,high,4,zne_rem,80,20,32,0.95,1,0.9,0.9473684211,9,1,0,10,0.214864379,0.6957954741,,0.95,0.95,0.2307852823,800,56.1608736,19,3.8,77824,18,12,36,0.4571221
